career_id,career_name,career_domain,career_subdomain,career_cluster,required_mathematical_ability,required_logical_reasoning,required_scientific_thinking,required_problem_solving,required_analytical_thinking,required_communication,required_creativity,required_digital_ability,required_spatial_ability,required_practical_ability,required_learning_ability,required_technology_interest,required_engineering_interest,required_healthcare_interest,required_business_interest,required_finance_interest,required_arts_interest,required_design_interest,required_research_interest,required_environment_interest,required_agriculture_interest,minimum_education_level
CAR00001,Software Developer,Technology,Track 1,Cluster 1,23.0,79.0,24.0,49.0,19.0,57.0,51.0,67.0,45.0,92.0,41.0,73.0,56.0,92.0,62.0,69.0,22.0,27.0,79.0,89.0,51.0,Postgraduate
CAR00002,Data Scientist,Engineering,Track 2,Cluster 2,39.0,50.0,36.0,36.0,91.0,88.0,46.0,40.0,42.0,36.0,52.0,82.0,47.0,77.0,25.0,86.0,15.0,51.0,24.0,89.0,53.0,Professional Degree
CAR00003,AI Engineer,Healthcare,Track 3,Cluster 3,35.0,46.0,59.0,33.0,20.0,20.0,35.0,69.0,23.0,26.0,91.0,44.0,24.0,78.0,48.0,18.0,66.0,74.0,33.0,95.0,64.0,Professional Degree
CAR00004,Machine Learning Engineer,Life Sciences,Track 4,Cluster 4,91.0,95.0,83.0,92.0,36.0,61.0,69.0,29.0,57.0,56.0,66.0,71.0,72.0,86.0,88.0,15.0,57.0,71.0,60.0,60.0,25.0,Higher Secondary
CAR00005,Cybersecurity Analyst,Agriculture,Track 5,Cluster 5,,92.0,50.0,60.0,51.0,58.0,46.0,47.0,76.0,68.0,35.0,84.0,17.0,45.0,61.0,33.0,40.0,25.0,68.0,72.0,16.0,Secondary
CAR00006,Cloud Engineer,Environment,Track 6,Cluster 6,54.0,22.0,79.0,93.0,55.0,55.0,58.0,78.0,31.0,78.0,50.0,62.0,86.0,50.0,71.0,85.0,15.0,68.0,18.0,95.0,42.0,Postgraduate
CAR00007,Database Administrator,Architecture & Construction,Track 7,Cluster 7,68.0,32.0,22.0,62.0,89.0,88.0,24.0,35.0,,83.0,70.0,56.0,87.0,70.0,72.0,63.0,75.0,84.0,53.0,57.0,85.0,Secondary
CAR00008,Web Developer,Manufacturing,Track 8,Cluster 8,73.0,23.0,78.0,59.0,62.0,37.0,83.0,42.0,49.0,40.0,38.0,37.0,,91.0,93.0,84.0,71.0,26.0,68.0,66.0,95.0,Higher Secondary
CAR00009,Mobile App Developer,Energy, Track 9 ,Cluster 9,36.0,42.0,16.0,35.0,86.0,48.0,22.0,26.0,24.0,38.0,25.0,90.0,27.0,63.0,32.0,39.0,58.0,27.0,64.0,17.0,79.0,Diploma
CAR00010,Network Engineer,Transportation,Track 10,Cluster 10,50.0,24.0,94.0,91.0,56.0,72.0,57.0,43.0,88.0,46.0,51.0,43.0,32.0,73.0,58.0,29.0,33.0,80.0,61.0,74.0,17.0,Secondary
CAR00011,Data Analyst,Aviation,Track 1,Cluster 11,86.0,,18.0,37.0,39.0,37.0,67.0,43.0,73.0,38.0,48.0,52.0,61.0,67.0,71.0,75.0,22.0,67.0,49.0,44.0,73.0,Secondary
CAR00012,Business Analyst,Marine,Track 2,Cluster 12,15.0,79.0,81.0,92.0,37.0,69.0,23.0,52.0,52.0,77.0,40.0,22.0,52.0,51.0,58.0,45.0,82.0,70.0,69.0,51.0,39.0,Postgraduate
CAR00013,Civil Engineer,Business,Track 3,Cluster 13,42.0,75.0,15.0,93.0,36.0,30.0,76.0,91.0,62.0,42.0,69.0,20.0,29.0,52.0,70.0,73.0,65.0,83.0,27.0,65.0,35.0,Higher Secondary
CAR00014,Mechanical Engineer,Finance,Track 4,Cluster 14,22.0,16.0,89.0,89.0,34.0,88.0,37.0,41.0,50.0,95.0,95.0,66.0,84.0,16.0,36.0,18.0,58.0,20.0,19.0,77.0,32.0,Undergraduate
CAR00015,Electrical Engineer,Law,Track 5,Cluster 15,22.0,94.0,58.0,43.0,46.0,46.0,64.0,92.0,76.0,88.0,68.0,49.0,53.0,65.0,73.0,72.0,65.0,89.0,24.0,28.0,43.0,Postgraduate
CAR00016,Electronics Engineer,Education,Track 6,Cluster 16,43.0,87.0,72.0,50.0,95.0,26.0,30.0,77.0,78.0,70.0,91.0,19.0,57.0,79.0,44.0,32.0,64.0,17.0,80.0,20.0,49.0,Postgraduate
CAR00017,Chemical Engineer,Psychology & Social Services,Track 7,Cluster 17,21.0,16.0,52.0,54.0,79.0,52.0,91.0,69.0,48.0,79.0,79.0,66.0,20.0,36.0,41.0,27.0,53.0,81.0,17.0,87.0,35.0,Higher Secondary
CAR00018,Biomedical Engineer,Government & Public Service,Track 8,Cluster 18,44.0,79.0,55.0,92.0,15.0,24.0,25.0,84.0,78.0,20.0,32.0,27.0,23.0,73.0,67.0,29.0,82.0,45.0,87.0,52.0,85.0,Secondary
CAR00019,Environmental Engineer,Defence & Security,Track 9,Cluster 19,52.0,84.0,73.0,72.0,40.0,40.0,17.0,44.0,18.0,72.0,72.0,65.0,86.0,62.0,53.0,83.0,51.0,93.0,23.0,26.0,70.0,Diploma
CAR00020,Architect,Media & Communication,Track 10,Cluster 20,85.0,39.0,76.0,43.0,62.0,68.0,70.0,39.0,46.0,30.0,78.0,24.0,17.0,84.0,49.0,26.0,68.0,23.0,43.0,74.0,15.0,Higher Secondary
CAR00021,Urban Planner,Arts & Design,Track 1,Cluster 21,76.0,71.0,69.0,77.0,72.0,42.0,78.0,45.0,24.0,86.0,16.0,80.0,26.0,48.0,32.0,24.0,66.0,67.0,74.0,62.0,20.0,Undergraduate
CAR00022,Doctor,Fashion,Track 2,Cluster 22,73.0,50.0,15.0,74.0,23.0,74.0,36.0,61.0,61.0,75.0,64.0,67.0,45.0,43.0,27.0,24.0,21.0,83.0,87.0,15.0,37.0,Professional Degree
CAR00023,Nurse,Hospitality & Tourism,Track 3,Cluster 23,80.0,93.0,81.0,61.0,22.0,43.0,50.0,30.0,57.0,29.0,26.0,46.0,22.0,23.0,39.0,82.0,54.0,61.0,15.0,66.0,47.0,Postgraduate
CAR00024,Physiotherapist,Sports,Track 4,Cluster 24,50.0,58.0,79.0,41.0,15.0,35.0,15.0,88.0,69.0,21.0,85.0,39.0,20.0,37.0,49.0,50.0,69.0,30.0,26.0,78.0,71.0,Diploma
CAR00025,Pharmacist,Logistics & Supply Chain,Track 5,Cluster 25,64.0,58.0,95.0,62.0,72.0,29.0,47.0,30.0,83.0,22.0,77.0,84.0,31.0,24.0,56.0,44.0,31.0,86.0,91.0,75.0,57.0,Secondary
CAR00026,Dentist,Skilled Trades,Track 6,Cluster 26,16.0,43.0,26.0,31.0,32.0,63.0,59.0,33.0,72.0,89.0,68.0,76.0,50.0,68.0,16.0,,26.0,87.0,37.0,88.0,58.0,Secondary
CAR00027,Medical Laboratory Scientist,Research,Track 7,Cluster 27,56.0,18.0,38.0,51.0,33.0,76.0,21.0,39.0,69.0,42.0,25.0,76.0,63.0,33.0,42.0,57.0,57.0,32.0,62.0,15.0,94.0,Undergraduate
CAR00028,Microbiologist,Technology,Track 8,Cluster 28,68.0,56.0,,72.0,50.0,24.0,57.0,78.0,38.0,46.0,56.0,52.0,69.0,55.0,28.0,26.0,46.0,59.0,27.0,62.0,63.0,Undergraduate
CAR00029,Biotechnologist,Engineering,Track 9,Cluster 29,32.0,81.0,58.0,65.0,18.0,26.0,94.0,43.0,54.0,72.0,29.0,28.0,79.0,22.0,92.0,75.0,88.0,85.0,46.0,75.0,93.0,Postgraduate
CAR00030,Geneticist,Healthcare,Track 10,Cluster 30,74.0,33.0,93.0,30.0,47.0,30.0,58.0,89.0,20.0,19.0,86.0,44.0,19.0,84.0,44.0,26.0,55.0,43.0,95.0,37.0,38.0,Diploma
CAR00031,Agricultural Scientist,Life Sciences,Track 1,Cluster 1,62.0,62.0,84.0,45.0,87.0,22.0,58.0,94.0,86.0,51.0,,39.0,29.0,83.0,65.0,54.0,67.0,59.0,60.0,86.0,48.0,Secondary
CAR00032,Agronomist,Agriculture,Track 2,Cluster 2,38.0,79.0,67.0,65.0,48.0,43.0,59.0,22.0,27.0,92.0,47.0,91.0,60.0,63.0,21.0,56.0,85.0,49.0,69.0,63.0,16.0,Higher Secondary
CAR00033,Forestry Specialist,Environment,Track 3,Cluster 3,29.0,83.0,74.0,90.0,24.0,87.0,60.0,17.0,94.0,35.0,79.0,70.0,90.0,59.0,73.0,17.0,73.0,28.0,45.0,45.0,90.0,Higher Secondary
CAR00034,Environmental Scientist,Architecture & Construction,Track 4,Cluster 4,17.0,23.0,47.0,47.0,93.0,65.0,36.0,79.0,66.0,69.0,79.0,76.0,54.0,76.0,42.0,53.0,43.0,66.0,85.0,68.0,26.0,Diploma
CAR00035,Renewable Energy Engineer,Manufacturing,Track 5,Cluster 5,51.0,83.0,88.0,51.0,54.0,32.0,32.0,88.0,89.0,87.0,83.0,49.0,93.0,69.0,92.0,17.0,29.0,60.0,17.0,35.0,42.0,Higher Secondary
CAR00036,Energy Analyst,Energy,Track 6,Cluster 6,67.0,63.0,26.0,79.0,84.0,78.0,85.0,65.0,51.0,17.0,64.0,52.0,35.0,39.0,25.0,29.0,33.0,32.0,27.0,52.0,19.0,Undergraduate
CAR00037,Automotive Engineer,Transportation,Track 7,Cluster 7,68.0,70.0,33.0,33.0,32.0,47.0,50.0,30.0,78.0,72.0,20.0,83.0,90.0,58.0,68.0,45.0,18.0,30.0,69.0,35.0,69.0,Diploma
CAR00038,Aviation Engineer,Aviation,Track 8,Cluster 8,54.0,82.0,93.0,93.0,48.0,86.0,81.0,17.0,67.0,36.0,16.0,71.0,89.0,62.0,72.0,86.0,49.0,65.0,43.0,28.0,63.0,Secondary
CAR00039,Pilot,Marine,Track 9 ,Cluster 9,22.0,23.0,68.0,88.0,29.0,19.0,64.0,20.0,49.0,23.0,89.0,30.0,17.0,25.0,63.0,23.0,84.0,23.0,55.0,72.0,46.0,Diploma
CAR00040,Marine Engineer,Business,Track 10,Cluster 10,91.0,82.0,60.0,33.0,72.0,26.0,92.0,33.0,23.0,95.0,70.0,26.0,17.0,59.0,38.0,46.0,54.0,25.0,22.0,64.0,80.0,Undergraduate
CAR00041,Oceanographer,Finance,Track 1,Cluster 11,88.0,42.0,75.0,85.0,56.0,19.0,87.0,87.0,55.0,68.0,40.0,27.0,60.0,51.0,74.0,21.0,15.0,19.0,79.0,65.0,33.0,Secondary
CAR00042,Accountant,Law,Track 2, Cluster 12 ,31.0,19.0,16.0,66.0,59.0,52.0,26.0,21.0,70.0,35.0,44.0,71.0,94.0,61.0,85.0,17.0,15.0,93.0,26.0,19.0,19.0,Undergraduate
CAR00043,Financial Analyst,Education,Track 3,Cluster 13,28.0,50.0,41.0,64.0,83.0,84.0,88.0,71.0,44.0,23.0,73.0,76.0,95.0,87.0,78.0,95.0,65.0,39.0,41.0,23.0,80.0,Postgraduate
CAR00044,Auditor,Psychology & Social Services,Track 4,Cluster 14,94.0,16.0,47.0,21.0,42.0,26.0,30.0,29.0,81.0,82.0,75.0,77.0,15.0,89.0,39.0,39.0,38.0,46.0,38.0,61.0,89.0,Postgraduate
CAR00045,Investment Analyst,Government & Public Service, Track 5 ,Cluster 15,44.0,51.0,,59.0,64.0,79.0,,79.0,86.0,73.0,86.0,53.0,46.0,80.0,66.0,72.0,46.0,22.0,15.0,29.0,56.0,Undergraduate
CAR00046,Economist,Defence & Security,Track 6,Cluster 16,65.0,95.0,31.0,24.0,54.0,43.0,30.0,64.0,31.0,63.0,49.0,41.0,48.0,89.0,23.0,91.0,26.0,61.0,37.0,84.0,43.0,Postgraduate
CAR00047,Entrepreneur,Media & Communication,Track 7,Cluster 17,62.0,37.0,56.0,16.0,36.0,34.0,40.0,33.0,59.0,65.0,25.0,92.0,21.0,45.0,62.0,40.0,45.0,33.0,30.0,29.0,57.0,Secondary
CAR00048,Marketing Specialist,Arts & Design,Track 8,Cluster 18,89.0,74.0,51.0,23.0,75.0,45.0,16.0,45.0,85.0,22.0,74.0,51.0,60.0,24.0,93.0,51.0,63.0,78.0,65.0,18.0,82.0,Diploma
CAR00049,Human Resources Specialist,Fashion,Track 9,Cluster 19,59.0,40.0,86.0,68.0,38.0,19.0,19.0,31.0,87.0,89.0,17.0,81.0,50.0,95.0,58.0,28.0,50.0,82.0,42.0,54.0,66.0,Postgraduate
CAR00050,Lawyer,Hospitality & Tourism,Track 10,Cluster 20,57.0,87.0,58.0,75.0,25.0,62.0,19.0,16.0,49.0,24.0,94.0,71.0,65.0,68.0,37.0,21.0,66.0,83.0,81.0,91.0,23.0,Undergraduate
CAR00051,Legal Advisor,Sports,Track 1,Cluster 21,52.0,76.0,60.0,53.0,16.0,82.0,40.0,75.0,15.0,72.0,42.0,58.0,44.0,69.0,17.0,40.0,75.0,34.0,58.0,76.0,76.0,Undergraduate
CAR00052,Teacher,Logistics & Supply Chain,Track 2,Cluster 22,,49.0,64.0,89.0,85.0,21.0,67.0,29.0,29.0,91.0,25.0,65.0,40.0,80.0,32.0,67.0,26.0,82.0,93.0,86.0,65.0,Higher Secondary
CAR00053,Education Consultant, Skilled Trades ,Track 3,Cluster 23,23.0,49.0,55.0,57.0,86.0,46.0,73.0,44.0,37.0,39.0,83.0,40.0,56.0,49.0,37.0,57.0,,18.0,49.0,44.0,79.0,Undergraduate
CAR00054,Psychologist,Research,Track 4,Cluster 24,91.0,55.0,66.0,72.0,71.0,81.0,41.0,,64.0,,32.0,26.0,68.0,24.0,47.0,61.0,95.0,70.0,51.0,37.0,15.0,Professional Degree
CAR00055,Counsellor,Technology,Track 5,Cluster 25,51.0,62.0,64.0,41.0,81.0,50.0,28.0,87.0,58.0,84.0,90.0,23.0,37.0,20.0,46.0,57.0,17.0,15.0,44.0,69.0,30.0,Professional Degree
CAR00056,Social Worker,Engineering,Track 6,Cluster 26,30.0,36.0,28.0,27.0,30.0,45.0,89.0,44.0,73.0,91.0,27.0,78.0,20.0,89.0,74.0,63.0,83.0,82.0,67.0,26.0,94.0,Secondary
CAR00057,Civil Services Officer,Healthcare,Track 7,Cluster 27,87.0,27.0,53.0,95.0,47.0,94.0,53.0,77.0,75.0,32.0,95.0,67.0,52.0,33.0,64.0,19.0,52.0,40.0,62.0,53.0,54.0,Undergraduate
CAR00058,Policy Analyst,Life Sciences,Track 8,Cluster 28,70.0,22.0,82.0,,17.0,53.0,22.0,53.0,33.0,57.0,81.0,90.0,42.0,68.0,30.0,72.0,49.0,71.0,63.0,62.0,74.0,Undergraduate
CAR00059,Defence Officer,Agriculture,Track 9,Cluster 29,43.0,41.0,50.0,89.0,30.0,32.0,93.0,95.0,26.0,30.0,66.0,27.0,41.0,22.0,16.0,76.0,82.0,50.0,65.0,86.0,32.0,Undergraduate
CAR00060,Journalist,Environment,Track 10,Cluster 30,40.0,79.0,25.0,68.0,44.0,,69.0,16.0,60.0,44.0,84.0,95.0,84.0,20.0,80.0,18.0,90.0,35.0,93.0,67.0,25.0,Higher Secondary
CAR00061,Public Relations Specialist,Architecture & Construction,Track 1,Cluster 1,30.0,62.0,59.0,35.0,93.0,22.0,87.0,60.0,92.0,91.0,65.0,21.0,30.0,67.0,26.0,49.0,57.0,56.0,93.0,21.0,36.0,Undergraduate
CAR00062,Content Creator,Manufacturing ,Track 2,Cluster 2,59.0,59.0,81.0,54.0,93.0,76.0,93.0,81.0,23.0,67.0,76.0,41.0,42.0,55.0,63.0,83.0,89.0,48.0,83.0,49.0,27.0,Secondary
CAR00063,Graphic Designer,Energy,Track 3,Cluster 3,88.0,48.0,83.0,78.0,76.0,54.0,72.0,44.0,82.0,34.0,94.0,15.0,53.0,47.0,50.0,62.0,62.0,,87.0,63.0,24.0,Undergraduate
CAR00064,UI UX Designer,Transportation,Track 4,Cluster 4,81.0,91.0,49.0,68.0,67.0,76.0,17.0,50.0,17.0,78.0,37.0,30.0,83.0,32.0,35.0,21.0,46.0,60.0,89.0,46.0,83.0,Higher Secondary
CAR00065,Product Designer,Aviation,Track 5,Cluster 5,38.0,43.0,88.0,78.0,85.0,88.0,83.0,36.0,40.0,21.0,53.0,64.0,71.0,31.0,46.0,15.0,22.0,68.0,63.0,65.0,65.0,Professional Degree
CAR00066,Fashion Designer,Marine,Track 6,Cluster 6,49.0,54.0,85.0,49.0,65.0,41.0,57.0,40.0,78.0,33.0,72.0,76.0,57.0,43.0,29.0,47.0,31.0,62.0,28.0,80.0,25.0,Postgraduate
CAR00067,Illustrator,Business,Track 7,Cluster 7,73.0,91.0,35.0,61.0,38.0,83.0,73.0,15.0,88.0,28.0,92.0,65.0,43.0,30.0,80.0,,70.0,52.0,95.0,39.0,73.0,Professional Degree
CAR00068,Animator,Finance,Track 8,Cluster 8,56.0,59.0,44.0,58.0,29.0,83.0,54.0,81.0,33.0,46.0,75.0,42.0,55.0,85.0,44.0,27.0,56.0,59.0,49.0,79.0,27.0,Undergraduate
CAR00069,Chef,Law,Track 9,Cluster 9,82.0,25.0,47.0,28.0,24.0,21.0,55.0,49.0,22.0,74.0,63.0,46.0,77.0,64.0,20.0,48.0,89.0,93.0,78.0,90.0,64.0,Undergraduate
CAR00070,Hotel Manager,Education,Track 10, Cluster 10 ,61.0,82.0,79.0,75.0,16.0,60.0,61.0,75.0,35.0,63.0,26.0,87.0,70.0,41.0,23.0,62.0,77.0,61.0,32.0,63.0,84.0,Postgraduate
CAR00071,Travel Consultant,Psychology & Social Services,Track 1,Cluster 11,65.0,77.0,30.0,17.0,38.0,88.0,54.0,31.0,24.0,48.0,41.0,21.0,59.0,87.0,27.0,95.0,80.0,89.0,37.0,42.0,15.0,Postgraduate
CAR00072,Sports Coach,Government & Public Service,Track 2,Cluster 12,60.0,39.0,15.0,33.0,78.0,85.0,93.0,58.0,94.0,53.0,58.0,80.0,78.0,64.0,74.0,95.0,79.0,53.0,82.0,43.0,55.0,Diploma
CAR00073,Sports Scientist,Defence & Security,Track 3,Cluster 13,37.0,17.0,72.0,31.0,52.0,61.0,72.0,83.0,27.0,55.0,55.0,19.0,81.0,31.0,18.0,64.0,42.0,29.0,16.0,91.0,51.0,Undergraduate
CAR00074,Supply Chain Analyst,Media & Communication,Track 4,Cluster 14,64.0,70.0,26.0,94.0,57.0,16.0,54.0,82.0,27.0,65.0,31.0,95.0,30.0,33.0,41.0,69.0,49.0,15.0,19.0,20.0,45.0,Higher Secondary
CAR00075,Logistics Manager,Arts & Design,Track 5,Cluster 15,39.0,54.0,71.0,43.0,48.0,33.0,91.0,65.0,69.0,60.0,69.0,56.0,42.0,45.0,31.0,64.0,39.0,71.0,87.0,68.0,33.0,Undergraduate
CAR00076,Electrician,Fashion,Track 6,Cluster 16,48.0,76.0,28.0,69.0,30.0,88.0,70.0,75.0,30.0,16.0,79.0,57.0,64.0,61.0,61.0,32.0,81.0,76.0,28.0,43.0,19.0,Diploma
CAR00077,Welder,Hospitality & Tourism,Track 7,Cluster 17,34.0,40.0,67.0,83.0,49.0,67.0,46.0,41.0,31.0,70.0,93.0,41.0,79.0,74.0,34.0,50.0,23.0,66.0,15.0,58.0,52.0,Secondary
CAR00078,Technician,Sports,Track 8,Cluster 18,80.0,25.0,64.0,40.0,86.0,61.0,56.0,61.0,35.0,78.0,24.0,23.0,62.0,66.0,39.0,67.0,27.0,40.0,44.0,91.0,53.0,Postgraduate
CAR00079,Research Scientist,Logistics & Supply Chain,Track 9,Cluster 19,31.0,17.0,88.0,18.0,42.0,48.0,90.0,79.0,55.0,28.0,71.0,19.0,93.0,90.0,79.0,72.0,35.0,72.0,50.0,61.0,61.0,Postgraduate
CAR00080,Software Developer Specialist 80,Skilled Trades,Track 10,Cluster 20,33.0,39.0,36.0,68.0,71.0,86.0,40.0,79.0,77.0,28.0,42.0,19.0,87.0,77.0,45.0,84.0,16.0,74.0,51.0,82.0,20.0,Higher Secondary
CAR00081,Data Scientist Specialist 81,Research,Track 1,Cluster 21,36.0,41.0,74.0,72.0,22.0,38.0,89.0,52.0,29.0,78.0,84.0,84.0,89.0,20.0,,22.0,93.0,24.0,23.0,85.0,20.0,Undergraduate
CAR00082,AI Engineer Specialist 82,Technology,Track 2,Cluster 22,27.0,59.0,25.0,32.0,66.0,74.0,82.0,63.0,35.0,31.0,91.0,25.0,95.0,83.0,64.0,34.0,85.0,19.0,88.0,88.0,50.0,Secondary
CAR00083,Machine Learning Engineer Specialist 83,Engineering,Track 3,Cluster 23,31.0,19.0,24.0,73.0,34.0,35.0,38.0,67.0,58.0,49.0,84.0,29.0,43.0,91.0,53.0,26.0,65.0,35.0,93.0,41.0,73.0,Undergraduate
CAR00084,Cybersecurity Analyst Specialist 84,Healthcare,Track 4,Cluster 24,49.0,73.0,45.0,64.0,64.0,91.0,56.0,43.0,74.0,83.0,32.0,48.0,41.0,88.0,65.0,72.0,61.0,63.0,90.0,15.0,38.0,Postgraduate
CAR00085,Cloud Engineer Specialist 85,Life Sciences,Track 5,Cluster 25,62.0,30.0,57.0,18.0,59.0,34.0,18.0,41.0,16.0,71.0,81.0,83.0,71.0,89.0,25.0,90.0,86.0,71.0,40.0,30.0,93.0,Undergraduate
CAR00086,Database Administrator Specialist 86,Agriculture,Track 6,Cluster 26,78.0,86.0,55.0,71.0,44.0,81.0,37.0,69.0,59.0,71.0,95.0,75.0,37.0,29.0,83.0,89.0,95.0,19.0,67.0,69.0,68.0,Secondary
CAR00087,Web Developer Specialist 87,Environment,Track 7,Cluster 27,66.0,95.0,95.0,61.0,74.0,75.0,45.0,56.0,43.0,67.0,28.0,37.0,85.0,18.0,81.0,17.0,29.0,93.0,58.0,53.0,47.0,Professional Degree
CAR00088,Mobile App Developer Specialist 88,Architecture & Construction,Track 8,Cluster 28,52.0,27.0,34.0,77.0,64.0,20.0,32.0,46.0,64.0,54.0,31.0,16.0,68.0,34.0,36.0,16.0,83.0,21.0,82.0,47.0,,Secondary
CAR00089,Network Engineer Specialist 89,Manufacturing,Track 9,Cluster 29,28.0,83.0,48.0,90.0,64.0,16.0,95.0,43.0,40.0,63.0,79.0,18.0,76.0,29.0,39.0,79.0,95.0,39.0,22.0,51.0,70.0,Undergraduate
CAR00090,Data Analyst Specialist 90,Energy,Track 10,Cluster 30,89.0,51.0,79.0,29.0,52.0,84.0,27.0,20.0,90.0,37.0,31.0,78.0,62.0,81.0,58.0,16.0,16.0,52.0,32.0,55.0,51.0,Professional Degree
CAR00091,Business Analyst Specialist 91,Transportation,Track 1,Cluster 1,54.0,47.0,22.0,41.0,46.0,89.0,86.0,49.0,67.0,55.0,61.0,79.0,62.0,25.0,27.0,50.0,95.0,33.0,85.0,52.0,42.0,Higher Secondary
CAR00092,Civil Engineer Specialist 92, Aviation ,Track 2,Cluster 2,62.0,62.0,58.0,28.0,48.0,49.0,76.0,95.0,15.0,95.0,46.0,68.0,90.0,51.0,89.0,66.0,34.0,47.0,46.0,89.0,26.0,Professional Degree
CAR00093,Mechanical Engineer Specialist 93,Marine,Track 3,Cluster 3,63.0,68.0,34.0,36.0,70.0,84.0,29.0,41.0,21.0,92.0,92.0,49.0,20.0,42.0,84.0,77.0,89.0,39.0,47.0,42.0,19.0,Postgraduate
CAR00094,Electrical Engineer Specialist 94,Business,Track 4,Cluster 4,31.0,54.0,67.0,92.0,53.0,26.0,69.0,68.0,92.0,58.0,37.0,25.0,30.0,91.0,41.0,65.0,20.0,50.0,86.0,61.0,78.0,Diploma
CAR00095,Electronics Engineer Specialist 95,Finance,Track 5,Cluster 5,45.0,49.0,19.0,63.0,74.0,47.0,28.0,33.0,75.0,29.0,71.0,85.0,46.0,24.0,83.0,27.0,62.0,61.0,91.0,21.0,16.0,Higher Secondary
CAR00096,Chemical Engineer Specialist 96,Law,Track 6,Cluster 6,48.0,,41.0,71.0,28.0,63.0,32.0,50.0,37.0,20.0,19.0,19.0,24.0,36.0,23.0,68.0,85.0,27.0,79.0,72.0,71.0,Higher Secondary
CAR00097,Biomedical Engineer Specialist 97,Education,Track 7,Cluster 7,87.0,43.0,26.0,28.0,70.0,20.0,48.0,48.0,19.0,84.0,92.0,83.0,21.0,37.0,50.0,65.0,77.0,40.0,21.0,48.0,26.0,Undergraduate
CAR00098,Environmental Engineer Specialist 98,Psychology & Social Services,Track 8,Cluster 8,36.0,51.0,55.0,84.0,86.0,34.0,22.0,75.0,43.0,37.0,41.0,19.0,55.0,66.0,77.0,87.0,18.0,26.0,70.0,69.0,64.0,Postgraduate
CAR00099,Architect Specialist 99,Government & Public Service,Track 9,Cluster 9,18.0,35.0,22.0,95.0,71.0,78.0,93.0,38.0,91.0,50.0,23.0,68.0,27.0,52.0,27.0,77.0,90.0,18.0,59.0,87.0,53.0,Secondary
CAR00100,Urban Planner Specialist 100,Defence & Security,Track 10,Cluster 10,59.0,41.0,31.0,69.0,26.0,28.0,71.0,39.0,38.0,83.0,81.0,19.0,16.0,57.0,64.0,95.0,68.0,65.0,70.0,89.0,17.0,Diploma
CAR00101,Doctor Specialist 101,Media & Communication,Track 1,Cluster 11,95.0,46.0,71.0,83.0,94.0,50.0,34.0,15.0,75.0,51.0,95.0,23.0,86.0,60.0,54.0,16.0,85.0,20.0,59.0,45.0,34.0,Professional Degree
CAR00102,Nurse Specialist 102,Arts & Design,Track 2,Cluster 12,62.0,60.0,,93.0,74.0,20.0,57.0,36.0,80.0,31.0,64.0,25.0,51.0,78.0,71.0,61.0,50.0,28.0,44.0,95.0,86.0,Professional Degree
CAR00103, Physiotherapist Specialist 103 ,Fashion,Track 3,Cluster 13,43.0,43.0,81.0,37.0,24.0,86.0,24.0,52.0,15.0,66.0,72.0,29.0,76.0,78.0,83.0,34.0,51.0,69.0,55.0,66.0,37.0,Higher Secondary
CAR00104,Pharmacist Specialist 104,Hospitality & Tourism,Track 4,Cluster 14,42.0,85.0,84.0,38.0,54.0,37.0,41.0,35.0,67.0,78.0,51.0,80.0,91.0,61.0,22.0,58.0,33.0,82.0,36.0,88.0,73.0,Postgraduate
CAR00105,Dentist Specialist 105,Sports,Track 5,Cluster 15,46.0,45.0,63.0,70.0,69.0,75.0,44.0,51.0,84.0,18.0,92.0,62.0,63.0,40.0,24.0,70.0,82.0,84.0,66.0,29.0,93.0,Postgraduate
CAR00106, Medical Laboratory Scientist Specialist 106 ,Logistics & Supply Chain,Track 6,Cluster 16,,56.0,51.0,36.0,73.0,88.0,49.0,60.0,38.0,44.0,74.0,91.0,74.0,26.0,93.0,81.0,70.0,59.0,89.0,65.0,34.0,Postgraduate
CAR00107,Microbiologist Specialist 107,Skilled Trades,Track 7,Cluster 17,22.0,56.0,83.0,85.0,63.0,27.0,94.0,28.0,76.0,67.0,49.0,84.0,54.0,61.0,62.0,24.0,16.0,74.0,74.0,64.0,69.0,Undergraduate
CAR00108,Biotechnologist Specialist 108,Research,Track 8,Cluster 18,51.0,67.0,75.0,33.0,94.0,60.0,78.0,48.0,48.0,38.0,37.0,58.0,21.0,83.0,52.0,41.0,27.0,42.0,40.0,34.0,87.0,Professional Degree
CAR00109,Geneticist Specialist 109,Technology,Track 9,Cluster 19,15.0,68.0,67.0,66.0,21.0,94.0,47.0,71.0,16.0,46.0,37.0,84.0,37.0,69.0,18.0,31.0,50.0,80.0,92.0,50.0,93.0,Undergraduate
CAR00110,Agricultural Scientist Specialist 110,Engineering,Track 10,Cluster 20,93.0,83.0,67.0,80.0,94.0,48.0,56.0,,62.0,61.0,82.0,45.0,79.0,94.0,20.0,26.0,90.0,20.0,79.0,94.0,84.0,Undergraduate
CAR00111,Agronomist Specialist 111,Healthcare,Track 1,Cluster 21,47.0,86.0,24.0,49.0,43.0,29.0,44.0,32.0,86.0,30.0,82.0,81.0,21.0,66.0,43.0,59.0,43.0,24.0,44.0,42.0,34.0,Diploma
CAR00112,Forestry Specialist Specialist 112,Life Sciences,Track 2,Cluster 22,67.0,86.0,40.0,50.0,18.0,68.0,89.0,23.0,76.0,35.0,94.0,73.0,27.0,32.0,56.0,58.0,49.0,,76.0,30.0,29.0,Secondary
CAR00113, Environmental Scientist Specialist 113 ,Agriculture,Track 3,Cluster 23,44.0,68.0,28.0,61.0,47.0,83.0,41.0,67.0,67.0,58.0,66.0,26.0,57.0,49.0,59.0,77.0,34.0,90.0,82.0,82.0,18.0,Professional Degree
CAR00114,Renewable Energy Engineer Specialist 114,Environment,Track 4,Cluster 24,40.0,48.0,,72.0,81.0,46.0,85.0,19.0,,16.0,76.0,70.0,76.0,43.0,36.0,44.0,45.0,23.0,77.0,17.0,70.0,Undergraduate
CAR00115,Energy Analyst Specialist 115,Architecture & Construction,Track 5,Cluster 25,74.0,87.0,85.0,43.0,21.0,58.0,92.0,61.0,21.0,51.0,49.0,65.0,43.0,32.0,27.0,18.0,73.0,54.0,94.0,81.0,91.0,Professional Degree
CAR00116,Automotive Engineer Specialist 116,Manufacturing,Track 6,Cluster 26,63.0,,34.0,71.0,57.0,75.0,68.0,37.0,52.0,57.0,58.0,73.0,95.0,37.0,43.0,56.0,94.0,67.0,35.0,39.0,43.0,Postgraduate
CAR00117,Aviation Engineer Specialist 117,Energy,Track 7,Cluster 27,,85.0,38.0,75.0,59.0,86.0,23.0,87.0,86.0,91.0,48.0,61.0,43.0,65.0,73.0,94.0,18.0,15.0,82.0,93.0,92.0,Professional Degree
CAR00118,Pilot Specialist 118,Transportation,Track 8,Cluster 28,43.0,66.0,19.0,24.0,24.0,26.0,53.0,71.0,75.0,82.0,22.0,58.0,80.0,72.0,49.0,36.0,23.0,84.0,72.0,73.0,71.0,Professional Degree
CAR00119,Marine Engineer Specialist 119,Aviation,Track 9,Cluster 29,23.0,24.0,77.0,82.0,47.0,69.0,28.0,69.0,72.0,80.0,18.0,47.0,29.0,73.0,67.0,53.0,37.0,43.0,21.0,24.0,52.0,Secondary
CAR00120,Oceanographer Specialist 120,Marine,Track 10,Cluster 30,82.0,43.0,74.0,20.0,32.0,51.0,88.0,15.0,36.0,75.0,89.0,85.0,90.0,15.0,44.0,50.0,20.0,,58.0,28.0,35.0,Undergraduate
CAR00121,Accountant Specialist 121,Business,Track 1,Cluster 1,77.0,56.0,58.0,40.0,34.0,18.0,93.0,34.0,38.0,39.0,69.0,37.0,73.0,37.0,71.0,74.0,89.0,32.0,79.0,27.0,25.0,Higher Secondary
CAR00122,Financial Analyst Specialist 122,Finance,Track 2,Cluster 2,94.0,74.0,24.0,44.0,77.0,45.0,43.0,78.0,47.0,92.0,64.0,63.0,54.0,19.0,53.0,50.0,40.0,,43.0,65.0,86.0,Postgraduate
CAR00123,Auditor Specialist 123,Law,Track 3,Cluster 3,63.0,34.0,75.0,36.0,90.0,20.0,52.0,22.0,77.0,76.0,55.0,72.0,46.0,91.0,79.0,23.0,18.0,16.0,31.0,86.0,45.0,Diploma
CAR00124,Investment Analyst Specialist 124,Education,Track 4,Cluster 4,73.0,28.0,24.0,,67.0,51.0,25.0,35.0,73.0,75.0,52.0,74.0,33.0,74.0,83.0,42.0,69.0,34.0,76.0,44.0,17.0,Diploma
CAR00125,Economist Specialist 125,Psychology & Social Services,Track 5,Cluster 5,56.0,89.0,60.0,23.0,84.0,78.0,75.0,52.0,40.0,21.0,24.0,58.0,84.0,38.0,33.0,59.0,49.0,84.0,83.0,37.0,66.0,Undergraduate
CAR00126,Entrepreneur Specialist 126,Government & Public Service,Track 6,Cluster 6,77.0,79.0,67.0,88.0,83.0,54.0,42.0,30.0,40.0,18.0,33.0,21.0,21.0,67.0,53.0,56.0,68.0,95.0,76.0,34.0,93.0,Higher Secondary
CAR00127,Marketing Specialist Specialist 127,Defence & Security,Track 7,Cluster 7,72.0,74.0,76.0,23.0,50.0,16.0,92.0,89.0,32.0,39.0,27.0,80.0,22.0,88.0,,53.0,19.0,72.0,28.0,28.0,89.0,Postgraduate
CAR00128,Human Resources Specialist Specialist 128,Media & Communication,Track 8,Cluster 8,45.0,56.0,45.0,38.0,50.0,86.0,50.0,68.0,37.0,20.0,41.0,90.0,71.0,92.0,50.0,18.0,88.0,,18.0,54.0,60.0,Professional Degree
CAR00129,Lawyer Specialist 129,Arts & Design,Track 9,Cluster 9,17.0,44.0,22.0,63.0,57.0,87.0,87.0,80.0,45.0,51.0,22.0,25.0,25.0,22.0,58.0,54.0,31.0,57.0,82.0,70.0,36.0,Diploma
CAR00130,Legal Advisor Specialist 130,Fashion,Track 10,Cluster 10,82.0,36.0,83.0,30.0,32.0,50.0,33.0,20.0,83.0,88.0,95.0,76.0,34.0,42.0,65.0,35.0,22.0,86.0,17.0,59.0,67.0,Postgraduate
CAR00131,Teacher Specialist 131,Hospitality & Tourism,Track 1,Cluster 11,30.0,80.0,66.0,58.0,81.0,,20.0,34.0,62.0,53.0,56.0,60.0,90.0,63.0,22.0,69.0,21.0,75.0,39.0,65.0,92.0,Undergraduate
CAR00132,Education Consultant Specialist 132,Sports,Track 2,Cluster 12,19.0,18.0,57.0,92.0,40.0,,68.0,95.0,93.0,31.0,61.0,51.0,84.0,50.0,45.0,54.0,36.0,85.0,31.0,24.0,80.0,Undergraduate
CAR00133,Psychologist Specialist 133,Logistics & Supply Chain,Track 3,Cluster 13,39.0,18.0,37.0,32.0,69.0,79.0,37.0,60.0,39.0,31.0,30.0,43.0,48.0,31.0,60.0,87.0,42.0,53.0,29.0,89.0,87.0,Professional Degree
CAR00134,Counsellor Specialist 134,Skilled Trades,Track 4,Cluster 14,58.0,36.0,47.0,84.0,53.0,39.0,68.0,18.0,85.0,21.0,60.0,75.0,36.0,20.0,19.0,86.0,50.0,75.0,42.0,38.0,38.0,Postgraduate
CAR00135,Social Worker Specialist 135,Research,Track 5,Cluster 15,40.0,83.0,79.0,19.0,64.0,17.0,64.0,75.0,22.0,32.0,52.0,48.0,46.0,55.0,32.0,42.0,23.0,69.0,42.0,51.0,50.0,Postgraduate
CAR00136,Civil Services Officer Specialist 136,Technology,Track 6,Cluster 16,76.0,92.0,52.0,92.0,64.0,55.0,18.0,16.0,58.0,25.0,42.0,40.0,79.0,80.0,18.0,95.0,91.0,71.0,54.0,40.0,85.0,Diploma
CAR00137,Policy Analyst Specialist 137,Engineering,Track 7,Cluster 17,25.0,34.0,87.0,35.0,20.0,55.0,81.0,18.0,46.0,44.0,21.0,89.0,25.0,31.0,26.0,76.0,48.0,53.0,79.0,76.0,41.0,Postgraduate
CAR00138,Defence Officer Specialist 138,Healthcare,Track 8,Cluster 18,65.0,29.0,93.0,45.0,42.0,16.0,44.0,80.0,61.0,23.0,73.0,64.0,90.0,32.0,43.0,51.0,50.0,48.0,29.0,79.0,53.0,Postgraduate
CAR00139,Journalist Specialist 139,Life Sciences,Track 9,Cluster 19,40.0,38.0,49.0,44.0,41.0,,83.0,16.0,88.0,31.0,23.0,46.0,85.0,77.0,53.0,,81.0,84.0,72.0,83.0,40.0,Professional Degree
CAR00140,Public Relations Specialist Specialist 140,Agriculture,Track 10,Cluster 20,40.0,67.0,36.0,43.0,37.0,19.0,57.0,72.0,93.0,92.0,42.0,62.0,15.0,84.0,43.0,20.0,84.0,63.0,65.0,58.0,25.0,Professional Degree
CAR00141,Content Creator Specialist 141,Environment,Track 1,Cluster 21,18.0,15.0,86.0,47.0,56.0,56.0,85.0,27.0,48.0,72.0,28.0,52.0,93.0,46.0,95.0,22.0,17.0,65.0,53.0,82.0,63.0,Secondary
CAR00142,Graphic Designer Specialist 142,Architecture & Construction,Track 2,Cluster 22,40.0,84.0,73.0,19.0,32.0,17.0,75.0,21.0,52.0,62.0,52.0,66.0,38.0,87.0,69.0,49.0,87.0,31.0,27.0,38.0,66.0,Diploma
CAR00143,UI UX Designer Specialist 143,Manufacturing,Track 3,Cluster 23,,49.0,26.0,31.0,17.0,24.0,86.0,56.0,52.0,71.0,93.0,36.0,29.0,33.0,32.0,64.0,78.0,20.0,48.0,92.0,73.0,Higher Secondary
CAR00144,Product Designer Specialist 144,Energy,Track 4,Cluster 24,64.0,80.0,62.0,25.0,69.0,,34.0,74.0,66.0,78.0,70.0,16.0,33.0,,42.0,64.0,54.0,20.0,53.0,49.0,92.0,Undergraduate
CAR00145,Fashion Designer Specialist 145,Transportation,Track 5,Cluster 25,25.0,95.0,28.0,35.0,34.0,91.0,24.0,50.0,40.0,55.0,34.0,19.0,93.0,28.0,94.0,64.0,53.0,81.0,35.0,95.0,55.0,Professional Degree
CAR00146,Illustrator Specialist 146,Aviation,Track 6,Cluster 26,87.0,75.0,17.0,46.0,49.0,39.0,92.0,82.0,77.0,85.0,82.0,69.0,60.0,29.0,30.0,71.0,95.0,91.0,48.0,71.0,34.0,Undergraduate
CAR00147,Animator Specialist 147,Marine,Track 7,Cluster 27,22.0,40.0,81.0,39.0,49.0,64.0,55.0,70.0,54.0,88.0,33.0,27.0,62.0,61.0,80.0,63.0,34.0,71.0,40.0,22.0,93.0,Secondary
CAR00148,Chef Specialist 148,Business,Track 8,Cluster 28,75.0,40.0,87.0,24.0,83.0,64.0,77.0,77.0,36.0,88.0,92.0,26.0,93.0,16.0,75.0,53.0,76.0,20.0,65.0,69.0,60.0,Higher Secondary
CAR00149,Hotel Manager Specialist 149,Finance,Track 9,Cluster 29,26.0,88.0,62.0,46.0,66.0,78.0,94.0,53.0,82.0,36.0,95.0,35.0,22.0,45.0,31.0,84.0,35.0,15.0,21.0,30.0,24.0,Diploma
CAR00150,Travel Consultant Specialist 150,Law,Track 10,Cluster 30,35.0,49.0,33.0,71.0,84.0,34.0,32.0,62.0,72.0,64.0,61.0,34.0,90.0,90.0,48.0,76.0,81.0,43.0,71.0,90.0,28.0,Undergraduate
CAR00151,Sports Coach Specialist 151,Education,Track 1,Cluster 1,89.0,32.0,61.0,28.0,44.0,49.0,62.0,37.0,49.0,89.0,35.0,57.0,16.0,73.0,52.0,63.0,47.0,75.0,73.0,44.0,23.0,Diploma
CAR00152,Sports Scientist Specialist 152,Psychology & Social Services,Track 2, Cluster 2 ,44.0,68.0,37.0,37.0,69.0,78.0,52.0,80.0,43.0,80.0,67.0,64.0,37.0,55.0,50.0,61.0,85.0,23.0,30.0,86.0,28.0,Secondary
CAR00153,Supply Chain Analyst Specialist 153,Government & Public Service,Track 3,Cluster 3,90.0,78.0,70.0,84.0,81.0,25.0,32.0,93.0,58.0,23.0,54.0,34.0,66.0,73.0,54.0,94.0,89.0,30.0,81.0,93.0,18.0,Diploma
CAR00154, Logistics Manager Specialist 154 ,Defence & Security,Track 4,Cluster 4,51.0,,88.0,15.0,94.0,57.0,33.0,58.0,50.0,15.0,76.0,29.0,48.0,76.0,34.0,15.0,32.0,61.0,87.0,86.0,69.0,Secondary
CAR00155,Electrician Specialist 155,Media & Communication,Track 5,Cluster 5,36.0,91.0,84.0,39.0,38.0,89.0,41.0,78.0,25.0,94.0,49.0,23.0,37.0,57.0,49.0,87.0,55.0,38.0,77.0,83.0,44.0,Higher Secondary
CAR00156,Welder Specialist 156,Arts & Design,Track 6,Cluster 6,28.0,90.0,53.0,71.0,41.0,87.0,77.0,31.0,95.0,33.0,57.0,77.0,49.0,88.0,80.0,89.0,72.0,55.0,62.0,44.0,17.0,Secondary
CAR00157,Technician Specialist 157,Fashion,Track 7,Cluster 7,74.0,64.0,33.0,62.0,19.0,30.0,83.0,87.0,47.0,92.0,67.0,70.0,49.0,58.0,47.0,80.0,39.0,86.0,49.0,42.0,26.0,Professional Degree
CAR00158,Research Scientist Specialist 158,Hospitality & Tourism,Track 8,Cluster 8,19.0,29.0,87.0,43.0,88.0,42.0,29.0,74.0,39.0,35.0,93.0,63.0,49.0,21.0,78.0,70.0,69.0,52.0,48.0,72.0,51.0,Secondary
CAR00159,Software Developer Specialist 159,Sports,Track 9,Cluster 9,46.0,52.0,84.0,54.0,73.0,91.0,50.0,89.0,34.0,91.0,95.0,,59.0,85.0,92.0,15.0,47.0,37.0,61.0,67.0,38.0,Higher Secondary
CAR00160,Data Scientist Specialist 160,Logistics & Supply Chain,Track 10,Cluster 10,27.0,42.0,95.0,32.0,50.0,18.0,29.0,27.0,87.0,84.0,39.0,46.0,20.0,22.0,24.0,35.0,53.0,65.0,63.0,47.0,50.0,Diploma
CAR00161,AI Engineer Specialist 161,Skilled Trades,Track 1,Cluster 11,71.0,66.0,59.0,15.0,65.0,39.0,66.0,21.0,52.0,23.0,61.0,73.0,81.0,71.0,50.0,45.0,24.0,66.0,,39.0,91.0,Postgraduate
CAR00162,Machine Learning Engineer Specialist 162,Research,Track 2,Cluster 12,71.0,90.0,17.0,91.0,58.0,53.0,49.0,81.0,23.0,89.0,91.0,23.0,47.0,86.0,74.0,94.0,70.0,79.0,40.0,50.0,32.0,Secondary
CAR00163,Cybersecurity Analyst Specialist 163,Technology,Track 3,Cluster 13,20.0,51.0,27.0,34.0,69.0,34.0,31.0,23.0,71.0,33.0,73.0,79.0,70.0,72.0,85.0,33.0,46.0,58.0,48.0,88.0,69.0,Undergraduate
CAR00164,Cloud Engineer Specialist 164,Engineering,Track 4,Cluster 14,25.0,74.0,78.0,,26.0,58.0,78.0,39.0,17.0,50.0,36.0,18.0,62.0,85.0,65.0,77.0,53.0,40.0,33.0,82.0,79.0,Secondary
CAR00165,Database Administrator Specialist 165,Healthcare,Track 5,Cluster 15,55.0,87.0,93.0,20.0,67.0,72.0,93.0,67.0,15.0,52.0,90.0,58.0,84.0,41.0,27.0,68.0,85.0,94.0,91.0,88.0,23.0,Secondary
CAR00166,Web Developer Specialist 166,Life Sciences,Track 6,Cluster 16,19.0,52.0,71.0,48.0,37.0,37.0,39.0,45.0,82.0,30.0,22.0,91.0,56.0,24.0,74.0,64.0,16.0,58.0,18.0,47.0,95.0,Undergraduate
CAR00167,Mobile App Developer Specialist 167,Agriculture, Track 7 ,Cluster 17,56.0,62.0,74.0,28.0,87.0,46.0,88.0,90.0,55.0,44.0,68.0,30.0,26.0,63.0,92.0,86.0,62.0,79.0,63.0,53.0,95.0,Postgraduate
CAR00168,Network Engineer Specialist 168,Environment,Track 8,Cluster 18,43.0,28.0,83.0,61.0,42.0,,86.0,48.0,62.0,28.0,47.0,60.0,26.0,73.0,16.0,34.0,23.0,78.0,88.0,71.0,79.0,Undergraduate
CAR00169,Data Analyst Specialist 169,Architecture & Construction, Track 9 ,Cluster 19,84.0,49.0,,82.0,75.0,78.0,22.0,80.0,58.0,40.0,73.0,27.0,81.0,43.0,30.0,27.0,15.0,47.0,73.0,29.0,75.0,Professional Degree
CAR00170,Business Analyst Specialist 170,Manufacturing,Track 10,Cluster 20,79.0,20.0,89.0,19.0,91.0,93.0,,35.0,51.0,20.0,85.0,90.0,70.0,40.0,56.0,43.0,16.0,72.0,16.0,90.0,57.0,Postgraduate
CAR00171,Civil Engineer Specialist 171,Energy,Track 1,Cluster 21,89.0,89.0,29.0,21.0,34.0,33.0,81.0,64.0,50.0,73.0,49.0,53.0,54.0,17.0,31.0,26.0,21.0,39.0,78.0,86.0,30.0,Postgraduate
CAR00172,Mechanical Engineer Specialist 172,Transportation,Track 2,Cluster 22,95.0,87.0,24.0,77.0,64.0,81.0,92.0,37.0,86.0,30.0,89.0,31.0,52.0,18.0,21.0,35.0,72.0,47.0,81.0,50.0,92.0,Diploma
CAR00173,Electrical Engineer Specialist 173,Aviation,Track 3,Cluster 23,84.0,61.0,27.0,51.0,48.0,,86.0,81.0,49.0,93.0,93.0,35.0,38.0,47.0,87.0,86.0,90.0,29.0,90.0,41.0,93.0,Diploma
CAR00174,Electronics Engineer Specialist 174,Marine,Track 4,Cluster 24,61.0,63.0,76.0,31.0,81.0,33.0,55.0,78.0,60.0,45.0,64.0,93.0,87.0,81.0,86.0,72.0,95.0,29.0,86.0,79.0,22.0,Diploma
CAR00175,Chemical Engineer Specialist 175,Business,Track 5,Cluster 25,62.0,16.0,82.0,58.0,82.0,88.0,17.0,36.0,90.0,46.0,35.0,19.0,59.0,52.0,44.0,53.0,15.0,27.0,54.0,33.0,54.0,Diploma
CAR00176,Biomedical Engineer Specialist 176,Finance,Track 6,Cluster 26,81.0,90.0,68.0,75.0,46.0,28.0,68.0,65.0,20.0,43.0,29.0,17.0,68.0,19.0,59.0,33.0,55.0,64.0,63.0,36.0,94.0,Diploma
CAR00177,Environmental Engineer Specialist 177,Law,Track 7,Cluster 27,24.0,27.0,90.0,41.0,83.0,20.0,34.0,74.0,66.0,42.0,17.0,36.0,86.0,69.0,,26.0,21.0,27.0,94.0,59.0,39.0,Secondary
CAR00178,Architect Specialist 178,Education ,Track 8,Cluster 28,65.0,41.0,45.0,47.0,94.0,66.0,33.0,59.0,65.0,31.0,27.0,65.0,52.0,95.0,23.0,17.0,93.0,41.0,17.0,67.0,33.0,Postgraduate
CAR00179,Urban Planner Specialist 179,Psychology & Social Services,Track 9,Cluster 29,57.0,41.0,59.0,60.0,65.0,73.0,29.0,81.0,15.0,69.0,21.0,42.0,67.0,59.0,64.0,36.0,38.0,83.0,62.0,72.0,83.0,Higher Secondary
CAR00180,Doctor Specialist 180,Government & Public Service,Track 10,Cluster 30,94.0,29.0,81.0,95.0,37.0,16.0,56.0,53.0,61.0,20.0,56.0,53.0,58.0,49.0,81.0,51.0,93.0,37.0,48.0,76.0,56.0,Higher Secondary
CAR00181,Nurse Specialist 181,Defence & Security,Track 1,Cluster 1,60.0,88.0,90.0,44.0,46.0,47.0,80.0,60.0,56.0,40.0,90.0,18.0,29.0,63.0,67.0,18.0,93.0,91.0,85.0,28.0,77.0,Undergraduate
CAR00182,Physiotherapist Specialist 182,Media & Communication,Track 2,Cluster 2,39.0,58.0,44.0,41.0,65.0,83.0,39.0,77.0,76.0,68.0,85.0,37.0,39.0,43.0,53.0,59.0,33.0,34.0,57.0,24.0,62.0,Secondary
CAR00183,Pharmacist Specialist 183,Arts & Design,Track 3,Cluster 3,93.0,74.0,84.0,75.0,86.0,47.0,29.0,,63.0,62.0,91.0,55.0,48.0,17.0,86.0,29.0,34.0,85.0,66.0,70.0,40.0,Higher Secondary
CAR00184,Dentist Specialist 184,Fashion,Track 4,Cluster 4,51.0,29.0,93.0,94.0,72.0,31.0,84.0,51.0,59.0,92.0,35.0,22.0,86.0,94.0,53.0,,39.0,65.0,26.0,51.0,62.0,Undergraduate
CAR00185,Medical Laboratory Scientist Specialist 185, Hospitality & Tourism ,Track 5,Cluster 5,74.0,67.0,43.0,76.0,62.0,17.0,35.0,28.0,78.0,24.0,49.0,27.0,33.0,57.0,73.0,34.0,24.0,42.0,35.0,73.0,74.0,Diploma
CAR00186,Microbiologist Specialist 186,Sports,Track 6,Cluster 6,79.0,85.0,83.0,46.0,40.0,78.0,24.0,54.0,53.0,32.0,54.0,30.0,32.0,38.0,49.0,34.0,58.0,19.0,46.0,34.0,69.0,Secondary
CAR00187,Biotechnologist Specialist 187,Logistics & Supply Chain,Track 7,Cluster 7,66.0,78.0,57.0,92.0,95.0,27.0,79.0,93.0,16.0,23.0,16.0,82.0,94.0,17.0,48.0,67.0,57.0,64.0,60.0,76.0,36.0,Secondary
CAR00188,Geneticist Specialist 188,Skilled Trades,Track 8 ,Cluster 8,59.0,75.0,72.0,84.0,91.0,61.0,72.0,41.0,32.0,17.0,78.0,37.0,89.0,44.0,37.0,93.0,31.0,88.0,30.0,19.0,75.0,Secondary
CAR00189,Agricultural Scientist Specialist 189,Research,Track 9,Cluster 9,68.0,23.0,41.0,94.0,61.0,32.0,60.0,26.0,38.0,20.0,15.0,60.0,41.0,73.0,92.0,28.0,17.0,41.0,70.0,56.0,61.0,Postgraduate
CAR00190,Agronomist Specialist 190,Technology,Track 10,Cluster 10,38.0,48.0,37.0,92.0,85.0,48.0,21.0,39.0,89.0,80.0,22.0,69.0,33.0,93.0,30.0,42.0,65.0,84.0,20.0,52.0,68.0,Diploma
CAR00191,Forestry Specialist Specialist 191,Engineering,Track 1,Cluster 11,20.0,89.0,83.0,41.0,71.0,31.0,20.0,35.0,71.0,17.0,73.0,77.0,60.0,73.0,87.0,76.0,57.0,39.0,62.0,30.0,39.0,Undergraduate
CAR00192,Environmental Scientist Specialist 192,Healthcare,Track 2,Cluster 12,24.0,89.0,33.0,84.0,66.0,85.0,36.0,55.0,45.0,80.0,94.0,33.0,88.0,76.0,75.0,47.0,80.0,32.0,41.0,80.0,27.0,Undergraduate
CAR00193,Renewable Energy Engineer Specialist 193,Life Sciences,Track 3,Cluster 13,74.0,27.0,50.0,56.0,77.0,56.0,30.0,38.0,70.0,65.0,57.0,31.0,91.0,65.0,55.0,36.0,67.0,28.0,31.0,62.0,91.0,Secondary
CAR00194,Energy Analyst Specialist 194,Agriculture,Track 4,Cluster 14,93.0,78.0,83.0,72.0,,30.0,86.0,45.0,58.0,89.0,69.0,22.0,58.0,52.0,81.0,66.0,44.0,19.0,30.0,86.0,89.0,Higher Secondary
CAR00195,Automotive Engineer Specialist 195,Environment,Track 5,Cluster 15,40.0,56.0,87.0,17.0,19.0,25.0,27.0,86.0,29.0,57.0,43.0,48.0,20.0,76.0,37.0,60.0,92.0,73.0,23.0,88.0,25.0,Postgraduate
CAR00196,Aviation Engineer Specialist 196,Architecture & Construction,Track 6,Cluster 16,92.0,33.0,68.0,70.0,36.0,15.0,19.0,43.0,82.0,17.0,78.0,15.0,86.0,65.0,23.0,78.0,91.0,20.0,23.0,87.0,41.0,Postgraduate
CAR00197,Pilot Specialist 197,Manufacturing,Track 7,Cluster 17,89.0,47.0,44.0,77.0,33.0,40.0,59.0,,23.0,83.0,72.0,75.0,72.0,29.0,44.0,25.0,15.0,15.0,38.0,56.0,54.0,Professional Degree
CAR00198,Marine Engineer Specialist 198,Energy,Track 8,Cluster 18,84.0,30.0,67.0,95.0,42.0,29.0,56.0,25.0,33.0,77.0,50.0,87.0,92.0,24.0,20.0,58.0,57.0,94.0,16.0,61.0,20.0,Secondary
CAR00199,Oceanographer Specialist 199,Transportation,Track 9,Cluster 19,91.0,28.0,63.0,89.0,19.0,88.0,37.0,66.0,80.0,17.0,27.0,73.0,,56.0,65.0,51.0,26.0,94.0,15.0,90.0,30.0,Higher Secondary
CAR00200,Accountant Specialist 200,Aviation,Track 10,Cluster 20,41.0,86.0,17.0,57.0,15.0,17.0,66.0,38.0,75.0,17.0,91.0,26.0,29.0,57.0,69.0,52.0,79.0,63.0,39.0,70.0,20.0,Professional Degree
CAR00201,Financial Analyst Specialist 201,Marine,Track 1,Cluster 21,79.0,36.0,87.0,46.0,21.0,27.0,27.0,74.0,29.0,28.0,61.0,19.0,58.0,21.0,59.0,35.0,67.0,57.0,39.0,35.0,34.0,Professional Degree
CAR00202,Auditor Specialist 202,Business,Track 2,Cluster 22,73.0,46.0,15.0,32.0,28.0,22.0,27.0,32.0,58.0,29.0,63.0,68.0,19.0,94.0,26.0,52.0,51.0,58.0,84.0,34.0,85.0,Undergraduate
CAR00203,Investment Analyst Specialist 203,Finance,Track 3,Cluster 23,20.0,43.0,29.0,20.0,76.0,32.0,46.0,61.0,16.0,64.0,58.0,37.0,57.0,47.0,80.0,19.0,56.0,83.0,69.0,62.0,83.0,Undergraduate
CAR00204,Economist Specialist 204,Law,Track 4,Cluster 24,17.0,88.0,41.0,16.0,22.0,30.0,22.0,62.0,82.0,79.0,74.0,61.0,40.0,47.0,54.0,22.0,28.0,85.0,15.0,34.0,66.0,Professional Degree
CAR00205,Entrepreneur Specialist 205,Education,Track 5,Cluster 25,24.0,22.0,37.0,,47.0,50.0,91.0,16.0,84.0,78.0,68.0,22.0,50.0,42.0,52.0,70.0,20.0,78.0,80.0,94.0,36.0,Postgraduate
CAR00206,Marketing Specialist Specialist 206,Psychology & Social Services,Track 6,Cluster 26,78.0,67.0,67.0,34.0,65.0,61.0,88.0,82.0,47.0,33.0,74.0,78.0,40.0,75.0,52.0,20.0,28.0,68.0,80.0,25.0,20.0,Diploma
CAR00207,Human Resources Specialist Specialist 207,Government & Public Service,Track 7,Cluster 27,82.0,46.0,76.0,56.0,36.0,55.0,35.0,94.0,61.0,76.0,62.0,47.0,51.0,46.0,59.0,80.0,70.0,17.0,18.0,94.0,72.0,Higher Secondary
CAR00208,Lawyer Specialist 208,Defence & Security,Track 8,Cluster 28,42.0,93.0,31.0,27.0,94.0,57.0,70.0,46.0,65.0,38.0,53.0,20.0,56.0,86.0,68.0,21.0,73.0,60.0,20.0,42.0,40.0,Professional Degree
CAR00209,Legal Advisor Specialist 209,Media & Communication,Track 9,Cluster 29,92.0,43.0,46.0,64.0,65.0,92.0,67.0,57.0,66.0,58.0,86.0,38.0,52.0,32.0,49.0,35.0,30.0,18.0,41.0,44.0,85.0,Secondary
CAR00210,Teacher Specialist 210,Arts & Design,Track 10,Cluster 30,68.0,55.0,71.0,,75.0,78.0,39.0,34.0,18.0,53.0,83.0,69.0,74.0,42.0,75.0,61.0,60.0,43.0,28.0,63.0,70.0,Undergraduate
CAR00211,Education Consultant Specialist 211,Fashion,Track 1,Cluster 1,79.0,15.0,30.0,71.0,84.0,65.0,73.0,57.0,73.0,70.0,78.0,68.0,84.0,82.0,21.0,,67.0,26.0,83.0,64.0,80.0,Higher Secondary
CAR00212,Psychologist Specialist 212,Hospitality & Tourism,Track 2,Cluster 2,34.0,30.0,80.0,78.0,48.0,83.0,45.0,17.0,52.0,21.0,70.0,32.0,90.0,32.0,16.0,85.0,84.0,90.0,95.0,81.0,95.0,Diploma
CAR00213,Counsellor Specialist 213,Sports,Track 3,Cluster 3,92.0,51.0,62.0,75.0,40.0,70.0,61.0,79.0,70.0,67.0,27.0,88.0,33.0,33.0,87.0,91.0,79.0,70.0,68.0,91.0,64.0,Higher Secondary
CAR00214,Social Worker Specialist 214,Logistics & Supply Chain,Track 4,Cluster 4,39.0,65.0,24.0,56.0,16.0,64.0,21.0,36.0,17.0,38.0,62.0,23.0,19.0,46.0,42.0,89.0,16.0,53.0,42.0,62.0,16.0,Higher Secondary
CAR00215,Civil Services Officer Specialist 215,Skilled Trades,Track 5,Cluster 5,80.0,91.0,21.0,83.0,76.0,56.0,24.0,50.0,89.0,34.0,46.0,67.0,69.0,94.0,16.0,39.0,65.0,25.0,62.0,76.0,38.0,Higher Secondary
CAR00216,Policy Analyst Specialist 216,Research,Track 6,Cluster 6,51.0,22.0,32.0,54.0,45.0,19.0,18.0,78.0,63.0,73.0,58.0,75.0,35.0,58.0,54.0,72.0,32.0,82.0,56.0,65.0,43.0,Professional Degree
CAR00217,Defence Officer Specialist 217,Technology,Track 7,Cluster 7,29.0,40.0,86.0,81.0,19.0,21.0,83.0,45.0,41.0,34.0,39.0,80.0,25.0,43.0,30.0,25.0,37.0,77.0,85.0,39.0,86.0,Diploma
CAR00218,Journalist Specialist 218,Engineering,Track 8,Cluster 8,80.0,52.0,68.0,15.0,65.0,85.0,54.0,48.0,23.0,28.0,20.0,55.0,,49.0,67.0,71.0,37.0,69.0,94.0,84.0,86.0,Undergraduate
CAR00219,Public Relations Specialist Specialist 219,Healthcare,Track 9,Cluster 9,86.0,35.0,73.0,29.0,37.0,40.0,60.0,24.0,92.0,90.0,68.0,30.0,52.0,92.0,42.0,53.0,,75.0,23.0,39.0,78.0,Postgraduate
CAR00220, Content Creator Specialist 220 ,Life Sciences,Track 10,Cluster 10,24.0,80.0,65.0,84.0,79.0,38.0,29.0,50.0,78.0,26.0,81.0,48.0,30.0,36.0,91.0,46.0,23.0,58.0,48.0,50.0,35.0,Undergraduate
CAR00221,Graphic Designer Specialist 221,Agriculture,Track 1,Cluster 11,26.0,47.0,58.0,94.0,63.0,63.0,40.0,28.0,50.0,20.0,42.0,21.0,72.0,29.0,82.0,42.0,75.0,90.0,29.0,,84.0,Undergraduate
CAR00222,UI UX Designer Specialist 222,Environment,Track 2,Cluster 12,35.0,58.0,80.0,31.0,62.0,90.0,54.0,30.0,56.0,78.0,63.0,48.0,72.0,73.0,65.0,17.0,62.0,85.0,21.0,47.0,26.0,Professional Degree
CAR00223,Product Designer Specialist 223,Architecture & Construction,Track 3,Cluster 13,51.0,29.0,90.0,94.0,65.0,85.0,64.0,95.0,40.0,74.0,51.0,31.0,30.0,62.0,73.0,70.0,17.0,54.0,95.0,91.0,27.0,Higher Secondary
CAR00224,Fashion Designer Specialist 224,Manufacturing ,Track 4,Cluster 14,42.0,34.0,71.0,39.0,49.0,48.0,49.0,62.0,55.0,15.0,70.0,50.0,50.0,64.0,17.0,60.0,62.0,17.0,87.0,78.0,65.0,Postgraduate
CAR00225,Illustrator Specialist 225,Energy,Track 5,Cluster 15,94.0,57.0,33.0,21.0,59.0,60.0,24.0,61.0,83.0,89.0,58.0,21.0,81.0,58.0,19.0,24.0,39.0,31.0,68.0,94.0,62.0,Diploma
CAR00226,Animator Specialist 226,Transportation,Track 6,Cluster 16,43.0,57.0,21.0,30.0,78.0,26.0,88.0,45.0,33.0,95.0,19.0,57.0,58.0,72.0,51.0,48.0,68.0,19.0,92.0,56.0,79.0,Higher Secondary
CAR00227,Chef Specialist 227,Aviation,Track 7,Cluster 17,56.0,72.0,50.0,91.0,64.0,49.0,21.0,39.0,50.0,81.0,84.0,47.0,35.0,85.0,71.0,56.0,67.0,49.0,15.0,88.0,16.0,Higher Secondary
CAR00228,Hotel Manager Specialist 228,Marine,Track 8,Cluster 18,82.0,67.0,55.0,32.0,47.0,43.0,71.0,37.0,18.0,69.0,71.0,69.0,25.0,57.0,94.0,61.0,50.0,85.0,15.0,67.0,41.0,Postgraduate
CAR00229,Travel Consultant Specialist 229,Business,Track 9,Cluster 19,52.0,30.0,72.0,34.0,57.0,24.0,46.0,56.0,89.0,50.0,18.0,29.0,61.0,89.0,34.0,66.0,77.0,85.0,68.0,31.0,66.0,Professional Degree
CAR00230,Sports Coach Specialist 230,Finance,Track 10,Cluster 20,74.0,22.0,76.0,39.0,80.0,56.0,75.0,45.0,51.0,90.0,89.0,32.0,39.0,42.0,66.0,44.0,25.0,48.0,28.0,87.0,40.0,Professional Degree
CAR00231,Sports Scientist Specialist 231,Law,Track 1,Cluster 21,87.0,37.0,48.0,57.0,50.0,76.0,82.0,45.0,63.0,47.0,33.0,39.0,24.0,25.0,77.0,62.0,74.0,15.0,94.0,42.0,49.0,Undergraduate
CAR00232,Supply Chain Analyst Specialist 232, Education ,Track 2,Cluster 22,41.0,16.0,77.0,76.0,50.0,67.0,38.0,54.0,36.0,31.0,61.0,17.0,27.0,90.0,46.0,73.0,95.0,40.0,54.0,48.0,36.0,Undergraduate
CAR00233,Logistics Manager Specialist 233,Psychology & Social Services,Track 3,Cluster 23,23.0,70.0,87.0,21.0,20.0,36.0,27.0,51.0,78.0,47.0,37.0,90.0,79.0,23.0,62.0,29.0,25.0,51.0,51.0,31.0,50.0,Diploma
CAR00234,Electrician Specialist 234,Government & Public Service,Track 4,Cluster 24,41.0,94.0,55.0,41.0,23.0,71.0,70.0,69.0,40.0,63.0,54.0,23.0,55.0,22.0,45.0,53.0,92.0,94.0,59.0,71.0,22.0,Diploma
CAR00235,Welder Specialist 235,Defence & Security,Track 5,Cluster 25,91.0,43.0,49.0,,66.0,61.0,69.0,36.0,20.0,70.0,58.0,87.0,94.0,73.0,60.0,,82.0,60.0,39.0,53.0,76.0,Secondary
CAR00236,Technician Specialist 236,Media & Communication,Track 6,Cluster 26,93.0,95.0,91.0,18.0,26.0,64.0,35.0,78.0,91.0,,28.0,80.0,65.0,88.0,50.0,15.0,34.0,30.0,95.0,24.0,33.0,Undergraduate
CAR00237,Research Scientist Specialist 237,Arts & Design,Track 7,Cluster 27,46.0,28.0,88.0,61.0,63.0,19.0,38.0,73.0,75.0,33.0,89.0,53.0,17.0,24.0,53.0,83.0,46.0,53.0,92.0,51.0,84.0,Higher Secondary
CAR00238,Software Developer Specialist 238,Fashion, Track 8 ,Cluster 28,27.0,46.0,63.0,67.0,86.0,64.0,71.0,47.0,41.0,83.0,84.0,69.0,82.0,46.0,16.0,56.0,33.0,25.0,27.0,82.0,25.0,Diploma
CAR00239,Data Scientist Specialist 239,Hospitality & Tourism,Track 9,Cluster 29,22.0,61.0,85.0,25.0,79.0,69.0,53.0,85.0,75.0,44.0,60.0,32.0,94.0,61.0,49.0,50.0,82.0,78.0,52.0,16.0,87.0,Higher Secondary
CAR00240, AI Engineer Specialist 240 ,Sports,Track 10,Cluster 30,35.0,73.0,30.0,21.0,76.0,89.0,25.0,61.0,29.0,50.0,81.0,42.0,53.0,70.0,75.0,89.0,78.0,75.0,15.0,16.0,84.0,Higher Secondary
CAR00241,Machine Learning Engineer Specialist 241,Logistics & Supply Chain,Track 1,Cluster 1,17.0,74.0,86.0,48.0,52.0,60.0,50.0,65.0,48.0,66.0,,69.0,94.0,17.0,33.0,62.0,44.0,81.0,89.0,25.0,81.0,Undergraduate
CAR00242,Cybersecurity Analyst Specialist 242,Skilled Trades,Track 2,Cluster 2,58.0,79.0,53.0,60.0,69.0,25.0,82.0,22.0,85.0,39.0,20.0,25.0,69.0,78.0,22.0,60.0,22.0,26.0,27.0,17.0,20.0,Higher Secondary
CAR00243,Cloud Engineer Specialist 243,Research,Track 3,Cluster 3,54.0,56.0,73.0,51.0,78.0,21.0,25.0,65.0,52.0,37.0,88.0,32.0,82.0,71.0,88.0,62.0,89.0,49.0,81.0,19.0,,Diploma
CAR00244,Database Administrator Specialist 244,Technology,Track 4,Cluster 4,41.0,59.0,42.0,29.0,69.0,62.0,67.0,72.0,89.0,68.0,52.0,82.0,65.0,68.0,55.0,91.0,33.0,95.0,58.0,79.0,47.0,Postgraduate
CAR00245,Web Developer Specialist 245,Engineering,Track 5,Cluster 5,47.0,89.0,72.0,38.0,66.0,68.0,19.0,23.0,51.0,92.0,85.0,56.0,77.0,81.0,30.0,73.0,54.0,61.0,83.0,29.0,65.0,Higher Secondary
CAR00246,Mobile App Developer Specialist 246,Healthcare,Track 6,Cluster 6,93.0,17.0,46.0,81.0,18.0,21.0,26.0,20.0,65.0,68.0,90.0,41.0,45.0,95.0,39.0,16.0,31.0,82.0,46.0,70.0,18.0,Postgraduate
CAR00247,Network Engineer Specialist 247,Life Sciences,Track 7,Cluster 7,60.0,60.0,51.0,29.0,31.0,32.0,53.0,89.0,78.0,20.0,58.0,92.0,30.0,43.0,69.0,24.0,27.0,86.0,50.0,46.0,76.0,Professional Degree
CAR00248,Data Analyst Specialist 248,Agriculture,Track 8,Cluster 8,48.0,88.0,67.0,16.0,29.0,58.0,79.0,53.0,39.0,91.0,76.0,45.0,53.0,46.0,84.0,95.0,90.0,82.0,50.0,85.0,53.0,Postgraduate
CAR00249,Business Analyst Specialist 249,Environment,Track 9,Cluster 9,34.0,22.0,76.0,62.0,54.0,54.0,70.0,95.0,74.0,68.0,87.0,46.0,54.0,18.0,42.0,88.0,29.0,73.0,73.0,68.0,94.0,Higher Secondary
CAR00250,Civil Engineer Specialist 250,Architecture & Construction,Track 10,Cluster 10,57.0,90.0,20.0,68.0,28.0,73.0,53.0,48.0,58.0,70.0,29.0,52.0,92.0,46.0,25.0,58.0,16.0,69.0,95.0,41.0,16.0,Secondary
CAR00251,Mechanical Engineer Specialist 251,Manufacturing,Track 1,Cluster 11,40.0,75.0,57.0,73.0,20.0,51.0,62.0,84.0,17.0,95.0,55.0,48.0,48.0,60.0,36.0,19.0,74.0,61.0,48.0,49.0,62.0,Undergraduate
CAR00252,Electrical Engineer Specialist 252,Energy,Track 2,Cluster 12,,33.0,91.0,42.0,63.0,61.0,54.0,29.0,52.0,59.0,24.0,63.0,44.0,31.0,64.0,28.0,53.0,18.0,43.0,17.0,83.0,Diploma
CAR00253,Electronics Engineer Specialist 253,Transportation,Track 3,Cluster 13,79.0,92.0,86.0,71.0,32.0,24.0,22.0,44.0,61.0,37.0,62.0,61.0,74.0,50.0,43.0,65.0,90.0,72.0,77.0,57.0,21.0,Postgraduate
CAR00254,Chemical Engineer Specialist 254,Aviation,Track 4, Cluster 14 ,19.0,92.0,91.0,21.0,84.0,35.0,26.0,33.0,59.0,93.0,30.0,70.0,64.0,25.0,86.0,42.0,73.0,56.0,23.0,53.0,54.0,Secondary
CAR00255,Biomedical Engineer Specialist 255,Marine,Track 5,Cluster 15,30.0,57.0,59.0,26.0,75.0,94.0,78.0,62.0,84.0,16.0,72.0,52.0,95.0,74.0,29.0,33.0,22.0,77.0,83.0,88.0,54.0,Undergraduate
CAR00256,Environmental Engineer Specialist 256,Business,Track 6,Cluster 16,83.0,17.0,17.0,77.0,37.0,75.0,95.0,60.0,58.0,27.0,79.0,92.0,84.0,30.0,71.0,55.0,65.0,47.0,34.0,36.0,30.0,Professional Degree
CAR00257,Architect Specialist 257,Finance,Track 7,Cluster 17,42.0,32.0,20.0,88.0,27.0,66.0,37.0,39.0,28.0,45.0,44.0,57.0,55.0,39.0,76.0,35.0,24.0,62.0,31.0,53.0,83.0,Undergraduate
CAR00258,Urban Planner Specialist 258,Law,Track 8,Cluster 18,80.0,82.0,53.0,95.0,70.0,17.0,70.0,61.0,66.0,57.0,87.0,85.0,31.0,92.0,44.0,52.0,26.0,54.0,66.0,86.0,80.0,Diploma
CAR00259,Doctor Specialist 259,Education,Track 9,Cluster 19,82.0,49.0,64.0,85.0,72.0,89.0,21.0,64.0,46.0,68.0,74.0,36.0,56.0,93.0,56.0,77.0,91.0,76.0,41.0,77.0,89.0,Diploma
CAR00260,Nurse Specialist 260,Psychology & Social Services,Track 10,Cluster 20,73.0,71.0,38.0,,64.0,35.0,30.0,86.0,53.0,28.0,88.0,70.0,26.0,94.0,32.0,42.0,79.0,22.0,53.0,39.0,95.0,Professional Degree
CAR00261,Physiotherapist Specialist 261,Government & Public Service,Track 1,Cluster 21,78.0,84.0,71.0,37.0,55.0,52.0,76.0,49.0,53.0,63.0,94.0,66.0,24.0,21.0,49.0,57.0,29.0,29.0,84.0,86.0,18.0,Undergraduate
CAR00262,Pharmacist Specialist 262,Defence & Security,Track 2,Cluster 22,74.0,68.0,16.0,72.0,73.0,83.0,94.0,15.0,26.0,54.0,43.0,90.0,64.0,75.0,77.0,55.0,70.0,40.0,71.0,79.0,73.0,Higher Secondary
CAR00263,Dentist Specialist 263,Media & Communication,Track 3,Cluster 23,19.0,21.0,58.0,25.0,90.0,64.0,32.0,24.0,72.0,94.0,72.0,91.0,16.0,31.0,45.0,31.0,67.0,56.0,66.0,24.0,32.0,Diploma
CAR00264,Medical Laboratory Scientist Specialist 264,Arts & Design,Track 4,Cluster 24,66.0,23.0,36.0,39.0,27.0,85.0,73.0,38.0,77.0,35.0,41.0,79.0,16.0,30.0,37.0,95.0,54.0,36.0,63.0,73.0,15.0,Secondary
CAR00265,Microbiologist Specialist 265,Fashion,Track 5,Cluster 25,53.0,56.0,30.0,36.0,85.0,72.0,22.0,36.0,49.0,35.0,25.0,24.0,46.0,52.0,56.0,72.0,41.0,79.0,93.0,87.0,56.0,Diploma
CAR00266,Biotechnologist Specialist 266,Hospitality & Tourism,Track 6,Cluster 26,74.0,37.0,16.0,47.0,88.0,93.0,49.0,45.0,19.0,43.0,20.0,34.0,72.0,38.0,72.0,51.0,72.0,61.0,66.0,58.0,34.0,Secondary
CAR00267,Geneticist Specialist 267,Sports,Track 7,Cluster 27,42.0,57.0,64.0,86.0,91.0,93.0,62.0,21.0,86.0,71.0,59.0,42.0,31.0,64.0,92.0,53.0,22.0,63.0,28.0,72.0,52.0,Professional Degree
CAR00268,Agricultural Scientist Specialist 268,Logistics & Supply Chain,Track 8,Cluster 28,85.0,33.0,35.0,22.0,85.0,65.0,21.0,47.0,67.0,68.0,47.0,39.0,22.0,36.0,69.0,93.0,70.0,35.0,31.0,87.0,54.0,Diploma
CAR00269,Agronomist Specialist 269,Skilled Trades,Track 9,Cluster 29,88.0,51.0,38.0,32.0,19.0,29.0,26.0,62.0,74.0,76.0,26.0,80.0,63.0,86.0,54.0,35.0,47.0,16.0,43.0,25.0,68.0,Secondary
CAR00270,Forestry Specialist Specialist 270,Research,Track 10,Cluster 30,40.0,43.0,62.0,70.0,30.0,91.0,18.0,66.0,66.0,74.0,67.0,15.0,41.0,67.0,95.0,44.0,78.0,54.0,82.0,88.0,38.0,Diploma
CAR00271,Environmental Scientist Specialist 271,Technology,Track 1,Cluster 1,49.0,77.0,77.0,53.0,88.0,76.0,29.0,47.0,17.0,52.0,55.0,40.0,91.0,53.0,75.0,18.0,16.0,49.0,59.0,88.0,21.0,Professional Degree
CAR00272,Renewable Energy Engineer Specialist 272,Engineering,Track 2,Cluster 2,41.0,24.0,67.0,39.0,95.0,39.0,84.0,91.0,75.0,17.0,34.0,44.0,88.0,52.0,56.0,15.0,94.0,25.0,65.0,19.0,59.0,Postgraduate
CAR00273,Energy Analyst Specialist 273,Healthcare,Track 3,Cluster 3,59.0,21.0,62.0,31.0,29.0,92.0,73.0,70.0,59.0,43.0,74.0,31.0,43.0,48.0,80.0,37.0,81.0,30.0,49.0,28.0,46.0,Postgraduate
CAR00274,Automotive Engineer Specialist 274,Life Sciences,Track 4,Cluster 4,39.0,61.0,74.0,86.0,60.0,33.0,66.0,66.0,92.0,46.0,65.0,32.0,77.0,68.0,53.0,32.0,52.0,46.0,94.0,23.0,68.0,Postgraduate
CAR00275,Aviation Engineer Specialist 275,Agriculture,Track 5,Cluster 5,76.0,91.0,79.0,80.0,47.0,53.0,72.0,44.0,92.0,56.0,87.0,82.0,16.0,93.0,59.0,43.0,,30.0,48.0,85.0,58.0,Higher Secondary
CAR00276,Pilot Specialist 276,Environment,Track 6,Cluster 6,16.0,18.0,44.0,37.0,23.0,62.0,38.0,44.0,73.0,36.0,19.0,94.0,95.0,20.0,20.0,64.0,71.0,65.0,29.0,37.0,91.0,Undergraduate
CAR00277,Marine Engineer Specialist 277,Architecture & Construction,Track 7,Cluster 7,39.0,43.0,59.0,34.0,66.0,29.0,18.0,69.0,36.0,39.0,88.0,56.0,75.0,59.0,67.0,16.0,28.0,56.0,70.0,92.0,87.0,Secondary
CAR00278,Oceanographer Specialist 278,Manufacturing,Track 8,Cluster 8,68.0,67.0,50.0,25.0,26.0,81.0,37.0,84.0,43.0,84.0,66.0,82.0,45.0,95.0,61.0,21.0,36.0,41.0,46.0,,15.0,Postgraduate
CAR00279,Accountant Specialist 279,Energy,Track 9, Cluster 9 ,42.0,34.0,41.0,33.0,35.0,54.0,19.0,94.0,40.0,63.0,60.0,93.0,65.0,37.0,94.0,59.0,60.0,18.0,63.0,22.0,93.0,Higher Secondary
CAR00280,Financial Analyst Specialist 280,Transportation,Track 10,Cluster 10,74.0,41.0,75.0,29.0,38.0,61.0,89.0,87.0,86.0,89.0,34.0,87.0,34.0,26.0,28.0,28.0,42.0,86.0,64.0,66.0,61.0,Professional Degree
CAR00281,Auditor Specialist 281,Aviation,Track 1,Cluster 11,19.0,30.0,92.0,62.0,36.0,31.0,69.0,52.0,26.0,79.0,45.0,49.0,94.0,43.0,39.0,38.0,87.0,75.0,70.0,38.0,64.0,Professional Degree
CAR00282,Investment Analyst Specialist 282,Marine,Track 2,Cluster 12,36.0,48.0,37.0,53.0,46.0,41.0,76.0,61.0,37.0,60.0,32.0,64.0,62.0,95.0,61.0,38.0,81.0,61.0,40.0,78.0,73.0,Higher Secondary
CAR00283,Economist Specialist 283,Business,Track 3,Cluster 13,18.0,20.0,55.0,64.0,50.0,73.0,,78.0,64.0,56.0,31.0,38.0,95.0,25.0,72.0,91.0,74.0,40.0,25.0,94.0,83.0,Postgraduate
CAR00284,Entrepreneur Specialist 284,Finance, Track 4 ,Cluster 14,77.0,50.0,60.0,90.0,18.0,90.0,90.0,51.0,39.0,19.0,26.0,38.0,28.0,37.0,89.0,89.0,93.0,33.0,61.0,,94.0,Diploma
CAR00285,Marketing Specialist Specialist 285,Law,Track 5,Cluster 15,86.0,19.0,73.0,41.0,47.0,74.0,27.0,76.0,59.0,68.0,73.0,23.0,18.0,71.0,59.0,46.0,92.0,47.0,69.0,95.0,26.0,Postgraduate
CAR00286,Human Resources Specialist Specialist 286,Education,Track 6,Cluster 16,,15.0,18.0,17.0,42.0,48.0,56.0,77.0,19.0,77.0,69.0,87.0,22.0,89.0,48.0,94.0,,27.0,19.0,50.0,23.0,Secondary
CAR00287,Lawyer Specialist 287,Psychology & Social Services,Track 7,Cluster 17,45.0,60.0,40.0,47.0,45.0,44.0,76.0,67.0,92.0,67.0,90.0,29.0,53.0,25.0,73.0,89.0,33.0,57.0,57.0,22.0,91.0,Higher Secondary
CAR00288,Legal Advisor Specialist 288,Government & Public Service,Track 8,Cluster 18,35.0,85.0,55.0,72.0,32.0,22.0,56.0,48.0,70.0,20.0,38.0,62.0,57.0,22.0,51.0,45.0,39.0,42.0,65.0,25.0,76.0,Professional Degree
CAR00289,Teacher Specialist 289,Defence & Security,Track 9,Cluster 19,76.0,40.0,89.0,86.0,41.0,39.0,43.0,24.0,44.0,29.0,34.0,40.0,81.0,55.0,30.0,26.0,68.0,88.0,93.0,30.0,71.0,Postgraduate
CAR00290,Education Consultant Specialist 290,Media & Communication,Track 10,Cluster 20,67.0,51.0,17.0,29.0,93.0,66.0,95.0,76.0,88.0,88.0,60.0,32.0,80.0,59.0,61.0,70.0,33.0,84.0,55.0,87.0,54.0,Higher Secondary
CAR00291,Psychologist Specialist 291,Arts & Design,Track 1,Cluster 21,44.0,26.0,16.0,75.0,37.0,53.0,21.0,46.0,,27.0,18.0,73.0,64.0,74.0,45.0,58.0,33.0,71.0,48.0,85.0,27.0,Undergraduate
CAR00292,Counsellor Specialist 292,Fashion,Track 2,Cluster 22,25.0,91.0,31.0,72.0,26.0,30.0,18.0,44.0,45.0,34.0,85.0,22.0,79.0,94.0,63.0,84.0,43.0,88.0,27.0,44.0,78.0,Postgraduate
CAR00293,Social Worker Specialist 293,Hospitality & Tourism,Track 3,Cluster 23,95.0,50.0,39.0,43.0,21.0,32.0,78.0,90.0,29.0,62.0,60.0,84.0,81.0,72.0,75.0,94.0,46.0,80.0,21.0,65.0,18.0,Postgraduate
CAR00294,Civil Services Officer Specialist 294,Sports,Track 4,Cluster 24,22.0,77.0,43.0,59.0,52.0,17.0,62.0,83.0,47.0,73.0,60.0,48.0,35.0,71.0,87.0,24.0,63.0,25.0,94.0,69.0,78.0,Postgraduate
CAR00295,Policy Analyst Specialist 295,Logistics & Supply Chain,Track 5,Cluster 25,21.0,80.0,28.0,59.0,26.0,,75.0,20.0,67.0,62.0,63.0,26.0,15.0,42.0,92.0,45.0,92.0,69.0,66.0,92.0,72.0,Diploma
CAR00296,Defence Officer Specialist 296,Skilled Trades,Track 6,Cluster 26,25.0,27.0,35.0,53.0,89.0,19.0,33.0,49.0,81.0,49.0,89.0,37.0,79.0,44.0,71.0,31.0,59.0,24.0,24.0,36.0,23.0,Undergraduate
CAR00297,Journalist Specialist 297,Research,Track 7,Cluster 27,23.0,77.0,38.0,20.0,93.0,77.0,89.0,44.0,78.0,48.0,18.0,27.0,92.0,15.0,48.0,46.0,83.0,36.0,41.0,72.0,44.0,Postgraduate
CAR00298,Public Relations Specialist Specialist 298,Technology,Track 8 ,Cluster 28,88.0,85.0,91.0,69.0,95.0,55.0,52.0,67.0,37.0,40.0,94.0,53.0,59.0,88.0,18.0,32.0,59.0,16.0,62.0,35.0,28.0,Professional Degree
CAR00299,Content Creator Specialist 299,Engineering,Track 9,Cluster 29,92.0,80.0,55.0,79.0,62.0,84.0,18.0,79.0,35.0,72.0,37.0,62.0,79.0,71.0,40.0,92.0,61.0,69.0,17.0,33.0,46.0,Secondary
CAR00300,Graphic Designer Specialist 300,Healthcare,Track 10,Cluster 30,92.0,15.0,95.0,65.0,63.0,32.0,91.0,25.0,19.0,22.0,28.0,74.0,47.0,71.0,51.0,32.0,43.0,74.0,16.0,30.0,18.0,Postgraduate
CAR00301,UI UX Designer Specialist 301,Life Sciences,Track 1,Cluster 1,69.0,67.0,68.0,95.0,34.0,84.0,67.0,68.0,71.0,45.0,30.0,79.0,29.0,17.0,94.0,93.0,,94.0,80.0,31.0,77.0,Secondary
CAR00302,Product Designer Specialist 302,Agriculture,Track 2,Cluster 2,68.0,93.0,58.0,55.0,24.0,65.0,53.0,59.0,47.0,87.0,28.0,92.0,53.0,81.0,40.0,40.0,93.0,53.0,24.0,18.0,87.0,Undergraduate
CAR00303,Fashion Designer Specialist 303,Environment,Track 3,Cluster 3,20.0,94.0,41.0,75.0,73.0,72.0,77.0,89.0,52.0,63.0,38.0,66.0,21.0,41.0,55.0,49.0,85.0,83.0,66.0,16.0,55.0,Undergraduate
CAR00304,Illustrator Specialist 304,Architecture & Construction,Track 4,Cluster 4,16.0,23.0,91.0,65.0,37.0,33.0,65.0,90.0,30.0,37.0,16.0,32.0,79.0,20.0,60.0,27.0,37.0,37.0,42.0,92.0,27.0,Postgraduate
CAR00305,Animator Specialist 305,Manufacturing,Track 5,Cluster 5,37.0,53.0,30.0,85.0,27.0,68.0,92.0,73.0,38.0,60.0,53.0,81.0,60.0,32.0,73.0,72.0,92.0,50.0,83.0,39.0,94.0,Professional Degree
CAR00306,Chef Specialist 306,Energy,Track 6,Cluster 6,65.0,25.0,30.0,57.0,71.0,84.0,93.0,65.0,15.0,54.0,20.0,69.0,36.0,33.0,25.0,68.0,72.0,79.0,75.0,17.0,28.0,Professional Degree
CAR00307,Hotel Manager Specialist 307,Transportation,Track 7,Cluster 7,22.0,19.0,49.0,61.0,32.0,47.0,74.0,94.0,15.0,46.0,70.0,87.0,70.0,23.0,67.0,80.0,65.0,57.0,71.0,62.0,42.0,Higher Secondary
CAR00308,Travel Consultant Specialist 308,Aviation,Track 8,Cluster 8,79.0,54.0,26.0,39.0,31.0,94.0,76.0,62.0,24.0,49.0,17.0,34.0,62.0,93.0,62.0,72.0,66.0,19.0,61.0,74.0,19.0,Higher Secondary
CAR00309,Sports Coach Specialist 309,Marine,Track 9,Cluster 9,33.0,72.0,26.0,77.0,22.0,77.0,33.0,87.0,54.0,86.0,15.0,37.0,69.0,78.0,88.0,58.0,33.0,79.0,86.0,52.0,36.0,Professional Degree
CAR00310,Sports Scientist Specialist 310,Business,Track 10,Cluster 10,87.0,79.0,53.0,65.0,87.0,39.0,61.0,26.0,47.0,52.0,67.0,74.0,19.0,37.0,78.0,28.0,34.0,24.0,92.0,26.0,32.0,Postgraduate
CAR00311,Supply Chain Analyst Specialist 311,Finance,Track 1,Cluster 11,19.0,53.0,68.0,55.0,77.0,21.0,56.0,32.0,46.0,62.0,82.0,22.0,77.0,41.0,77.0,72.0,60.0,20.0,63.0,51.0,15.0,Undergraduate
CAR00312,Logistics Manager Specialist 312,Law,Track 2,Cluster 12,48.0,93.0,65.0,74.0,30.0,35.0,20.0,42.0,39.0,21.0,61.0,43.0,86.0,80.0,93.0,17.0,29.0,52.0,76.0,55.0,24.0,Higher Secondary
CAR00313,Electrician Specialist 313,Education,Track 3,Cluster 13,85.0,27.0,51.0,43.0,87.0,92.0,54.0,56.0,30.0,53.0,32.0,28.0,50.0,15.0,84.0,84.0,95.0,54.0,56.0,22.0,76.0,Diploma
CAR00314,Welder Specialist 314,Psychology & Social Services,Track 4,Cluster 14,32.0,78.0,95.0,,47.0,94.0,72.0,68.0,42.0,91.0,26.0,44.0,34.0,92.0,32.0,92.0,64.0,88.0,55.0,78.0,44.0,Higher Secondary
CAR00315,Technician Specialist 315,Government & Public Service,Track 5,Cluster 15,66.0,90.0,85.0,66.0,35.0,,18.0,87.0,75.0,35.0,35.0,67.0,73.0,31.0,94.0,61.0,39.0,63.0,74.0,45.0,82.0,Postgraduate
CAR00316,Research Scientist Specialist 316,Defence & Security,Track 6,Cluster 16,53.0,55.0,90.0,62.0,20.0,40.0,43.0,95.0,,37.0,64.0,38.0,62.0,42.0,43.0,75.0,95.0,26.0,42.0,15.0,34.0,Higher Secondary
CAR00317,Software Developer Specialist 317,Media & Communication,Track 7,Cluster 17,30.0,33.0,15.0,18.0,32.0,78.0,75.0,94.0,29.0,46.0,86.0,18.0,25.0,77.0,69.0,59.0,66.0,69.0,81.0,31.0,81.0,Diploma
CAR00318,Data Scientist Specialist 318,Arts & Design,Track 8,Cluster 18,27.0,52.0,28.0,39.0,76.0,74.0,34.0,29.0,22.0,15.0,33.0,47.0,64.0,73.0,18.0,27.0,36.0,66.0,43.0,78.0,91.0,Diploma
CAR00319,AI Engineer Specialist 319,Fashion,Track 9,Cluster 19,52.0,70.0,86.0,73.0,82.0,36.0,90.0,83.0,65.0,50.0,23.0,77.0,73.0,18.0,18.0,39.0,17.0,95.0,28.0,89.0,24.0,Undergraduate
CAR00320,Machine Learning Engineer Specialist 320,Hospitality & Tourism,Track 10,Cluster 20,40.0,50.0,41.0,26.0,87.0,56.0,62.0,47.0,47.0,67.0,70.0,93.0,85.0,25.0,29.0,41.0,63.0,62.0,30.0,30.0,78.0,Postgraduate
CAR00321,Cybersecurity Analyst Specialist 321,Sports,Track 1,Cluster 21,20.0,86.0,95.0,28.0,52.0,86.0,90.0,19.0,69.0,48.0,70.0,45.0,47.0,20.0,35.0,67.0,73.0,42.0,74.0,81.0,76.0,Secondary
CAR00322,Cloud Engineer Specialist 322,Logistics & Supply Chain,Track 2,Cluster 22,86.0,45.0,84.0,54.0,,63.0,35.0,37.0,38.0,33.0,73.0,69.0,91.0,63.0,79.0,28.0,73.0,47.0,60.0,15.0,94.0,Secondary
CAR00323,Database Administrator Specialist 323,Skilled Trades,Track 3,Cluster 23,59.0,50.0,28.0,77.0,52.0,51.0,52.0,58.0,52.0,51.0,38.0,42.0,68.0,86.0,44.0,44.0,31.0,57.0,41.0,92.0,22.0,Higher Secondary
CAR00324,Web Developer Specialist 324,Research,Track 4,Cluster 24,,60.0,40.0,53.0,29.0,88.0,92.0,29.0,28.0,23.0,93.0,31.0,44.0,56.0,48.0,58.0,65.0,19.0,80.0,83.0,88.0,Higher Secondary
CAR00325,Mobile App Developer Specialist 325,Technology,Track 5,Cluster 25,35.0,53.0,22.0,41.0,76.0,48.0,93.0,47.0,52.0,87.0,33.0,82.0,64.0,59.0,87.0,89.0,29.0,73.0,41.0,90.0,73.0,Undergraduate
CAR00326,Network Engineer Specialist 326,Engineering,Track 6,Cluster 26,36.0,79.0,65.0,41.0,76.0,16.0,58.0,53.0,57.0,41.0,45.0,83.0,90.0,23.0,74.0,73.0,65.0,54.0,29.0,53.0,69.0,Postgraduate
CAR00327,Data Analyst Specialist 327,Healthcare,Track 7,Cluster 27,20.0,,48.0,38.0,88.0,85.0,28.0,30.0,42.0,44.0,17.0,85.0,84.0,81.0,44.0,50.0,81.0,84.0,38.0,89.0,42.0,Professional Degree
CAR00328,Business Analyst Specialist 328,Life Sciences,Track 8, Cluster 28 ,17.0,43.0,51.0,50.0,48.0,29.0,62.0,38.0,56.0,54.0,89.0,48.0,47.0,65.0,65.0,39.0,83.0,73.0,94.0,59.0,45.0,Postgraduate
CAR00329,Civil Engineer Specialist 329,Agriculture,Track 9,Cluster 29,88.0,67.0,86.0,85.0,44.0,32.0,19.0,18.0,30.0,84.0,77.0,58.0,93.0,48.0,40.0,85.0,50.0,34.0,88.0,87.0,57.0,Professional Degree
CAR00330,Mechanical Engineer Specialist 330,Environment,Track 10,Cluster 30,32.0,43.0,47.0,76.0,,23.0,60.0,29.0,38.0,29.0,85.0,63.0,63.0,44.0,80.0,32.0,60.0,20.0,20.0,25.0,30.0,Secondary
CAR00331,Electrical Engineer Specialist 331,Architecture & Construction,Track 1,Cluster 1,32.0,21.0,39.0,65.0,26.0,35.0,44.0,39.0,81.0,32.0,80.0,87.0,91.0,72.0,85.0,24.0,16.0,30.0,79.0,78.0,28.0,Higher Secondary
CAR00332,Electronics Engineer Specialist 332,Manufacturing,Track 2,Cluster 2,52.0,54.0,79.0,86.0,54.0,70.0,73.0,43.0,24.0,62.0,93.0,39.0,83.0,18.0,74.0,55.0,34.0,77.0,51.0,92.0,88.0,Secondary
CAR00333,Chemical Engineer Specialist 333,Energy, Track 3  ,Cluster 3,52.0,78.0,36.0,31.0,82.0,64.0,56.0,86.0,87.0,47.0,58.0,56.0,40.0,77.0,51.0,71.0,78.0,19.0,22.0,37.0,88.0,Undergraduate
CAR00334,Biomedical Engineer Specialist 334,Transportation,Track 4,Cluster 4,78.0,81.0,36.0,32.0,42.0,65.0,16.0,37.0,92.0,19.0,24.0,51.0,78.0,81.0,36.0,32.0,73.0,47.0,68.0,65.0,28.0,Postgraduate
CAR00335,Environmental Engineer Specialist 335,Aviation,Track 5,Cluster 5,79.0,59.0,44.0,59.0,27.0,69.0,25.0,90.0,49.0,17.0,46.0,87.0,27.0,58.0,86.0,65.0,34.0,20.0,33.0,49.0,40.0,Secondary
CAR00336,Architect Specialist 336,Marine,Track 6, Cluster 6 ,52.0,74.0,37.0,24.0,57.0,86.0,61.0,47.0,89.0,38.0,63.0,51.0,76.0,32.0,75.0,38.0,55.0,36.0,59.0,77.0,37.0,Postgraduate
CAR00337,Urban Planner Specialist 337,Business,Track 7,Cluster 7,87.0,51.0,67.0,59.0,28.0,75.0,80.0,79.0,16.0,,34.0,54.0,30.0,79.0,75.0,60.0,94.0,55.0,47.0,63.0,70.0,Secondary
CAR00338,Doctor Specialist 338,Finance,Track 8,Cluster 8,83.0,28.0,37.0,41.0,43.0,51.0,23.0,80.0,65.0,54.0,90.0,26.0,74.0,78.0,44.0,52.0,34.0,17.0,90.0,48.0,37.0,Diploma
CAR00339,Nurse Specialist 339,Law,Track 9,Cluster 9,,41.0,79.0,74.0,57.0,,21.0,82.0,52.0,87.0,45.0,42.0,54.0,39.0,51.0,91.0,19.0,73.0,53.0,48.0,15.0,Secondary
CAR00340,Physiotherapist Specialist 340,Education,Track 10,Cluster 10,86.0,78.0,83.0,58.0,31.0,58.0,90.0,84.0,20.0,45.0,43.0,28.0,32.0,80.0,40.0,18.0,55.0,18.0,83.0,85.0,44.0,Secondary
CAR00341,Pharmacist Specialist 341,Psychology & Social Services,Track 1,Cluster 11,92.0,37.0,67.0,89.0,41.0,70.0,28.0,57.0,62.0,30.0,54.0,31.0,23.0,16.0,52.0,,78.0,82.0,23.0,28.0,41.0,Professional Degree
CAR00342,Dentist Specialist 342,Government & Public Service, Track 2 ,Cluster 12,75.0,32.0,78.0,79.0,79.0,34.0,36.0,41.0,67.0,63.0,69.0,65.0,94.0,88.0,91.0,53.0,92.0,66.0,67.0,15.0,51.0,Secondary
CAR00343,Medical Laboratory Scientist Specialist 343,Defence & Security,Track 3,Cluster 13,93.0,65.0,19.0,27.0,41.0,17.0,90.0,45.0,40.0,61.0,89.0,75.0,41.0,39.0,79.0,19.0,90.0,50.0,17.0,36.0,90.0,Higher Secondary
CAR00344,Microbiologist Specialist 344,Media & Communication,Track 4,Cluster 14,35.0,63.0,31.0,94.0,86.0,22.0,48.0,43.0,37.0,47.0,31.0,43.0,81.0,31.0,85.0,93.0,56.0,31.0,74.0,26.0,90.0,Undergraduate
CAR00345,Biotechnologist Specialist 345,Arts & Design,Track 5,Cluster 15,18.0,55.0,22.0,15.0,17.0,55.0,80.0,94.0,79.0,74.0,48.0,,18.0,51.0,56.0,85.0,75.0,70.0,75.0,37.0,47.0,Professional Degree
CAR00346,Geneticist Specialist 346,Fashion,Track 6,Cluster 16,88.0,93.0,53.0,89.0,95.0,69.0,69.0,21.0,72.0,68.0,32.0,92.0,84.0,74.0,32.0,92.0,44.0,74.0,33.0,36.0,69.0,Diploma
CAR00347,Agricultural Scientist Specialist 347,Hospitality & Tourism,Track 7,Cluster 17,25.0,16.0,70.0,42.0,39.0,30.0,45.0,58.0,35.0,42.0,94.0,28.0,87.0,27.0,61.0,49.0,93.0,86.0,31.0,93.0,67.0,Professional Degree
CAR00348,Agronomist Specialist 348,Sports ,Track 8,Cluster 18,55.0,91.0,76.0,58.0,16.0,55.0,95.0,24.0,43.0,22.0,59.0,42.0,35.0,26.0,77.0,55.0,19.0,45.0,42.0,51.0,,Postgraduate
CAR00349,Forestry Specialist Specialist 349,Logistics & Supply Chain,Track 9,Cluster 19,41.0,45.0,65.0,43.0,79.0,59.0,18.0,86.0,31.0,70.0,93.0,27.0,74.0,,40.0,85.0,79.0,23.0,84.0,19.0,34.0,Professional Degree
CAR00350,Environmental Scientist Specialist 350,Skilled Trades,Track 10,Cluster 20,28.0,25.0,64.0,66.0,55.0,70.0,16.0,90.0,76.0,79.0,27.0,30.0,32.0,34.0,55.0,21.0,25.0,83.0,18.0,32.0,23.0,Postgraduate
CAR00351,Renewable Energy Engineer Specialist 351,Research,Track 1, Cluster 21 ,58.0,40.0,94.0,75.0,92.0,45.0,93.0,36.0,75.0,51.0,18.0,78.0,65.0,54.0,46.0,82.0,16.0,61.0,39.0,40.0,53.0,Undergraduate
CAR00352,Energy Analyst Specialist 352,Technology,Track 2,Cluster 22,91.0,76.0,47.0,32.0,65.0,93.0,64.0,94.0,83.0,69.0,42.0,19.0,94.0,63.0,83.0,49.0,41.0,72.0,72.0,36.0,35.0,Undergraduate
CAR00353,Automotive Engineer Specialist 353,Engineering,Track 3,Cluster 23,55.0,31.0,50.0,78.0,23.0,57.0,58.0,95.0,46.0,82.0,95.0,86.0,37.0,38.0,22.0,32.0,91.0,75.0,52.0,35.0,75.0,Higher Secondary
CAR00354,Aviation Engineer Specialist 354,Healthcare,Track 4,Cluster 24,39.0,91.0,73.0,21.0,88.0,77.0,65.0,88.0,86.0,72.0,63.0,89.0,79.0,87.0,74.0,89.0,39.0,37.0,56.0,38.0,21.0,Higher Secondary
CAR00355,Pilot Specialist 355,Life Sciences,Track 5,Cluster 25,89.0,75.0,94.0,88.0,65.0,60.0,88.0,82.0,65.0,35.0,,70.0,67.0,37.0,27.0,46.0,51.0,82.0,42.0,73.0,19.0,Professional Degree
CAR00356,Marine Engineer Specialist 356,Agriculture,Track 6,Cluster 26,43.0,64.0,83.0,29.0,95.0,25.0,85.0,51.0,61.0,44.0,33.0,65.0,60.0,88.0,78.0,47.0,27.0,17.0,25.0,29.0,67.0,Postgraduate
CAR00357,Oceanographer Specialist 357,Environment,Track 7,Cluster 27,94.0,44.0,45.0,61.0,58.0,22.0,78.0,52.0,40.0,86.0,42.0,60.0,77.0,29.0,56.0,45.0,71.0,83.0,53.0,40.0,20.0,Professional Degree
CAR00358,Accountant Specialist 358,Architecture & Construction,Track 8,Cluster 28,75.0,85.0,29.0,18.0,18.0,23.0,39.0,,69.0,65.0,35.0,18.0,66.0,81.0,42.0,27.0,75.0,91.0,27.0,37.0,31.0,Higher Secondary
CAR00359,Financial Analyst Specialist 359,Manufacturing,Track 9,Cluster 29,38.0,19.0,57.0,55.0,92.0,86.0,72.0,84.0,72.0,76.0,26.0,22.0,66.0,39.0,37.0,15.0,59.0,46.0,21.0,52.0,88.0,Diploma
CAR00360,Auditor Specialist 360,Energy,Track 10,Cluster 30,55.0,63.0,75.0,,85.0,64.0,76.0,73.0,55.0,32.0,82.0,,69.0,29.0,27.0,57.0,80.0,64.0,65.0,55.0,39.0,Professional Degree
CAR00361,Investment Analyst Specialist 361,Transportation,Track 1,Cluster 1,,77.0,81.0,27.0,28.0,17.0,36.0,50.0,30.0,57.0,30.0,79.0,89.0,34.0,47.0,74.0,34.0,48.0,15.0,22.0,75.0,Secondary
CAR00362,Economist Specialist 362,Aviation,Track 2,Cluster 2,37.0,92.0,27.0,39.0,78.0,51.0,23.0,34.0,67.0,84.0,55.0,21.0,95.0,46.0,38.0,87.0,34.0,22.0,36.0,40.0,67.0,Undergraduate
CAR00363,Entrepreneur Specialist 363,Marine,Track 3,Cluster 3,60.0,34.0,19.0,51.0,57.0,,39.0,28.0,24.0,63.0,28.0,39.0,74.0,38.0,43.0,48.0,59.0,50.0,76.0,27.0,80.0,Diploma
CAR00364,Marketing Specialist Specialist 364,Business,Track 4,Cluster 4,48.0,54.0,89.0,80.0,56.0,72.0,71.0,47.0,47.0,75.0,58.0,24.0,55.0,79.0,15.0,45.0,89.0,81.0,34.0,82.0,64.0,Higher Secondary
CAR00365,Human Resources Specialist Specialist 365,Finance,Track 5,Cluster 5,53.0,76.0,40.0,75.0,18.0,20.0,39.0,60.0,94.0,51.0,38.0,83.0,59.0,28.0,48.0,57.0,32.0,60.0,28.0,19.0,52.0,Undergraduate
CAR00366,Lawyer Specialist 366,Law,Track 6,Cluster 6,33.0,90.0,84.0,49.0,43.0,22.0,57.0,34.0,85.0,89.0,77.0,83.0,24.0,26.0,63.0,19.0,88.0,44.0,29.0,83.0,45.0,Undergraduate
CAR00367,Legal Advisor Specialist 367,Education,Track 7,Cluster 7,85.0,38.0,83.0,66.0,34.0,71.0,27.0,72.0,52.0,31.0,40.0,87.0,15.0,66.0,42.0,33.0,66.0,23.0,55.0,30.0,54.0,Higher Secondary
CAR00368,Teacher Specialist 368,Psychology & Social Services,Track 8,Cluster 8,94.0,49.0,55.0,54.0,28.0,16.0,92.0,52.0,22.0,54.0,87.0,67.0,29.0,93.0,50.0,52.0,23.0,43.0,74.0,30.0,36.0,Secondary
CAR00369,Education Consultant Specialist 369,Government & Public Service,Track 9,Cluster 9,64.0,56.0,61.0,36.0,17.0,40.0,64.0,90.0,55.0,95.0,73.0,64.0,87.0,30.0,53.0,47.0,32.0,20.0,19.0,44.0,25.0,Undergraduate
CAR00370,Psychologist Specialist 370,Defence & Security,Track 10,Cluster 10,49.0,36.0,57.0,58.0,91.0,21.0,64.0,76.0,41.0,90.0,53.0,43.0,72.0,15.0,56.0,82.0,32.0,23.0,53.0,62.0,86.0,Higher Secondary
CAR00371,Counsellor Specialist 371,Media & Communication,Track 1,Cluster 11,32.0,19.0,,67.0,60.0,35.0,58.0,91.0,90.0,83.0,50.0,42.0,78.0,52.0,38.0,78.0,75.0,50.0,25.0,23.0,55.0,Diploma
CAR00372,Social Worker Specialist 372,Arts & Design,Track 2,Cluster 12,95.0,32.0,89.0,65.0,16.0,44.0,23.0,58.0,60.0,32.0,56.0,36.0,50.0,81.0,69.0,84.0,16.0,28.0,61.0,69.0,17.0,Postgraduate
CAR00373,Civil Services Officer Specialist 373,Fashion ,Track 3,Cluster 13,33.0,55.0,53.0,67.0,92.0,51.0,,82.0,94.0,,61.0,89.0,47.0,33.0,54.0,25.0,84.0,42.0,79.0,44.0,92.0,Postgraduate
CAR00374,Policy Analyst Specialist 374,Hospitality & Tourism,Track 4,Cluster 14,94.0,66.0,42.0,73.0,38.0,65.0,52.0,18.0,42.0,20.0,15.0,67.0,91.0,24.0,88.0,86.0,70.0,80.0,72.0,46.0,29.0,Secondary
CAR00375,Defence Officer Specialist 375,Sports,Track 5,Cluster 15,25.0,49.0,60.0,72.0,81.0,66.0,18.0,70.0,41.0,62.0,25.0,84.0,36.0,44.0,17.0,66.0,81.0,35.0,24.0,59.0,82.0,Postgraduate
CAR00376,Journalist Specialist 376,Logistics & Supply Chain,Track 6,Cluster 16,42.0,59.0,22.0,52.0,54.0,90.0,79.0,73.0,83.0,29.0,80.0,74.0,95.0,25.0,45.0,63.0,75.0,65.0,33.0,34.0,52.0,Secondary
CAR00377,Public Relations Specialist Specialist 377,Skilled Trades,Track 7,Cluster 17,93.0,92.0,82.0,42.0,20.0,27.0,73.0,62.0,73.0,80.0,67.0,,52.0,85.0,33.0,16.0,93.0,15.0,58.0,92.0,74.0,Professional Degree
CAR00378,Content Creator Specialist 378,Research,Track 8,Cluster 18,23.0,57.0,50.0,30.0,58.0,74.0,86.0,57.0,23.0,60.0,92.0,35.0,37.0,81.0,24.0,43.0,27.0,56.0,16.0,50.0,95.0,Professional Degree
CAR00379,Graphic Designer Specialist 379,Technology,Track 9,Cluster 19,55.0,85.0,29.0,34.0,80.0,,28.0,95.0,68.0,45.0,68.0,16.0,73.0,84.0,40.0,59.0,28.0,19.0,21.0,24.0,84.0,Professional Degree
CAR00380,UI UX Designer Specialist 380,Engineering,Track 10,Cluster 20,40.0,24.0,23.0,30.0,28.0,,77.0,42.0,93.0,84.0,76.0,23.0,71.0,21.0,58.0,20.0,40.0,33.0,80.0,15.0,22.0,Diploma
CAR00381,Product Designer Specialist 381,Healthcare,Track 1,Cluster 21,42.0,38.0,36.0,66.0,55.0,16.0,62.0,34.0,27.0,73.0,83.0,38.0,48.0,18.0,84.0,81.0,67.0,71.0,92.0,49.0,54.0,Professional Degree
CAR00382,Fashion Designer Specialist 382,Life Sciences,Track 2,Cluster 22,62.0,44.0,48.0,18.0,28.0,19.0,45.0,75.0,36.0,24.0,74.0,17.0,39.0,84.0,37.0,38.0,20.0,34.0,26.0,52.0,61.0,Secondary
CAR00383,Illustrator Specialist 383,Agriculture,Track 3,Cluster 23,57.0,49.0,57.0,20.0,49.0,79.0,,57.0,76.0,75.0,90.0,61.0,81.0,64.0,83.0,71.0,20.0,24.0,72.0,81.0,65.0,Undergraduate
CAR00384,Animator Specialist 384,Environment,Track 4,Cluster 24,75.0,39.0,18.0,28.0,77.0,89.0,65.0,44.0,43.0,77.0,22.0,93.0,78.0,83.0,18.0,17.0,69.0,27.0,88.0,46.0,53.0,Diploma
CAR00385,Chef Specialist 385,Architecture & Construction,Track 5,Cluster 25,63.0,19.0,61.0,94.0,77.0,83.0,62.0,32.0,48.0,72.0,60.0,86.0,53.0,44.0,16.0,69.0,44.0,84.0,77.0,23.0,66.0,Higher Secondary
CAR00386,Hotel Manager Specialist 386,Manufacturing,Track 6,Cluster 26,74.0,24.0,35.0,76.0,69.0,34.0,81.0,18.0,49.0,,56.0,58.0,32.0,65.0,58.0,34.0,82.0,70.0,73.0,25.0,51.0,Diploma
CAR00387,Travel Consultant Specialist 387,Energy,Track 7,Cluster 27,65.0,56.0,58.0,88.0,71.0,75.0,69.0,86.0,42.0,35.0,30.0,47.0,62.0,68.0,21.0,86.0,36.0,21.0,33.0,69.0,77.0,Higher Secondary
CAR00388,Sports Coach Specialist 388,Transportation,Track 8,Cluster 28,91.0,62.0,22.0,33.0,55.0,92.0,51.0,23.0,81.0,39.0,58.0,52.0,69.0,80.0,75.0,22.0,87.0,92.0,,39.0,44.0,Postgraduate
CAR00389,Sports Scientist Specialist 389,Aviation,Track 9,Cluster 29,36.0,41.0,95.0,55.0,22.0,37.0,74.0,95.0,36.0,37.0,80.0,83.0,48.0,44.0,74.0,20.0,60.0,78.0,34.0,20.0,86.0,Professional Degree
CAR00390,Supply Chain Analyst Specialist 390,Marine,Track 10,Cluster 30,56.0,35.0,90.0,21.0,89.0,47.0,84.0,36.0,72.0,86.0,68.0,41.0,29.0,19.0,54.0,25.0,69.0,41.0,62.0,55.0,73.0,Diploma
CAR00391,Logistics Manager Specialist 391,Business,Track 1,Cluster 1,68.0,84.0,20.0,43.0,87.0,50.0,83.0,75.0,52.0,37.0,33.0,66.0,69.0,19.0,34.0,56.0,68.0,57.0,62.0,48.0,28.0,Undergraduate
CAR00392,Electrician Specialist 392, Finance ,Track 2,Cluster 2,36.0,76.0,44.0,86.0,86.0,78.0,29.0,84.0,42.0,28.0,56.0,62.0,32.0,77.0,63.0,68.0,69.0,78.0,89.0,65.0,70.0,Higher Secondary
CAR00393,Welder Specialist 393,Law,Track 3,Cluster 3,55.0,42.0,70.0,27.0,94.0,70.0,19.0,23.0,50.0,91.0,33.0,43.0,59.0,22.0,27.0,94.0,47.0,31.0,33.0,90.0,15.0,Postgraduate
CAR00394,Technician Specialist 394,Education,Track 4,Cluster 4,40.0,66.0,69.0,26.0,19.0,15.0,32.0,79.0,31.0,78.0,24.0,77.0,31.0,90.0,42.0,45.0,36.0,33.0,17.0,,73.0,Undergraduate
CAR00395,Research Scientist Specialist 395,Psychology & Social Services,Track 5,Cluster 5,56.0,92.0,38.0,31.0,62.0,39.0,88.0,66.0,64.0,91.0,57.0,32.0,59.0,52.0,67.0,15.0,36.0,51.0,58.0,59.0,60.0,Diploma
CAR00396,Software Developer Specialist 396,Government & Public Service,Track 6,Cluster 6,48.0,66.0,28.0,38.0,23.0,87.0,46.0,47.0,66.0,55.0,66.0,80.0,90.0,78.0,28.0,41.0,44.0,65.0,24.0,17.0,33.0,Professional Degree
CAR00397,Data Scientist Specialist 397,Defence & Security,Track 7,Cluster 7,17.0,16.0,31.0,72.0,77.0,50.0,46.0,19.0,74.0,46.0,28.0,85.0,76.0,57.0,61.0,81.0,74.0,49.0,54.0,88.0,85.0,Professional Degree
CAR00398,AI Engineer Specialist 398,Media & Communication,Track 8,Cluster 8,45.0,91.0,80.0,78.0,38.0,37.0,66.0,59.0,86.0,79.0,52.0,79.0,63.0,33.0,20.0,33.0,63.0,71.0,59.0,65.0,40.0,Higher Secondary
CAR00399,Machine Learning Engineer Specialist 399,Arts & Design,Track 9,Cluster 9,59.0,48.0,76.0,46.0,40.0,21.0,90.0,60.0,91.0,66.0,89.0,19.0,15.0,51.0,90.0,72.0,65.0,34.0,81.0,18.0,85.0,Postgraduate
CAR00400,Cybersecurity Analyst Specialist 400,Fashion,Track 10,Cluster 10,31.0,49.0,82.0,73.0,38.0,95.0,70.0,68.0,94.0,86.0,46.0,69.0,95.0,48.0,41.0,18.0,68.0,40.0,85.0,79.0,42.0,Higher Secondary
CAR00401,Cloud Engineer Specialist 401,Hospitality & Tourism,Track 1,Cluster 11,17.0,76.0,67.0,33.0,77.0,85.0,56.0,26.0,82.0,43.0,75.0,23.0,57.0,29.0,52.0,28.0,23.0,78.0,30.0,66.0,16.0,Higher Secondary
CAR00402,Database Administrator Specialist 402,Sports,Track 2,Cluster 12,90.0,82.0,60.0,75.0,79.0,84.0,78.0,63.0,56.0,88.0,57.0,60.0,65.0,52.0,43.0,54.0,68.0,65.0,26.0,34.0,70.0,Diploma
CAR00403,Web Developer Specialist 403,Logistics & Supply Chain,Track 3,Cluster 13,21.0,17.0,28.0,29.0,28.0,21.0,49.0,54.0,26.0,89.0,47.0,73.0,91.0,41.0,38.0,26.0,16.0,73.0,65.0,56.0,38.0,Higher Secondary
CAR00404,Mobile App Developer Specialist 404,Skilled Trades,Track 4,Cluster 14,57.0,65.0,81.0,93.0,61.0,69.0,80.0,64.0,71.0,40.0,37.0,79.0,48.0,45.0,68.0,87.0,58.0,36.0,79.0,64.0,36.0,Professional Degree
CAR00405,Network Engineer Specialist 405,Research,Track 5,Cluster 15,24.0,19.0,74.0,51.0,76.0,84.0,84.0,60.0,45.0,40.0,71.0,95.0,94.0,84.0,68.0,43.0,51.0,24.0,26.0,,66.0,Professional Degree
CAR00406,Data Analyst Specialist 406,Technology,Track 6,Cluster 16,93.0,30.0,52.0,51.0,20.0,75.0,42.0,29.0,17.0,63.0,18.0,47.0,33.0,54.0,64.0,42.0,57.0,51.0,23.0,47.0,73.0,Undergraduate
CAR00407,Business Analyst Specialist 407,Engineering,Track 7,Cluster 17,71.0,20.0,16.0,60.0,17.0,82.0,76.0,24.0,69.0,33.0,20.0,56.0,85.0,15.0,59.0,92.0,81.0,35.0,46.0,31.0,22.0,Postgraduate
CAR00408,Civil Engineer Specialist 408,Healthcare,Track 8,Cluster 18,72.0,81.0,68.0,28.0,62.0,36.0,20.0,33.0,84.0,57.0,31.0,59.0,18.0,74.0,37.0,20.0,28.0,63.0,44.0,65.0,15.0,Professional Degree
CAR00409,Mechanical Engineer Specialist 409,Life Sciences,Track 9,Cluster 19,,19.0,67.0,58.0,62.0,33.0,18.0,84.0,79.0,37.0,75.0,70.0,86.0,67.0,52.0,75.0,50.0,57.0,32.0,77.0,92.0,Secondary
CAR00410,Electrical Engineer Specialist 410,Agriculture,Track 10,Cluster 20,60.0,70.0,83.0,65.0,25.0,57.0,93.0,64.0,26.0,58.0,18.0,38.0,52.0,34.0,47.0,17.0,70.0,46.0,28.0,90.0,17.0,Secondary
CAR00411,Electronics Engineer Specialist 411,Environment,Track 1,Cluster 21,25.0,78.0,83.0,59.0,95.0,89.0,27.0,49.0,68.0,53.0,36.0,58.0,23.0,22.0,76.0,43.0,50.0,72.0,55.0,34.0,50.0,Postgraduate
CAR00412,Chemical Engineer Specialist 412,Architecture & Construction,Track 2,Cluster 22,84.0,94.0,53.0,88.0,77.0,41.0,53.0,38.0,65.0,63.0,69.0,60.0,16.0,79.0,65.0,60.0,69.0,22.0,78.0,38.0,48.0,Undergraduate
CAR00413,Biomedical Engineer Specialist 413,Manufacturing,Track 3,Cluster 23,,22.0,69.0,52.0,58.0,24.0,95.0,76.0,90.0,45.0,43.0,51.0,28.0,43.0,35.0,22.0,34.0,42.0,66.0,85.0,29.0,Secondary
CAR00414,Environmental Engineer Specialist 414,Energy,Track 4 ,Cluster 24,45.0,28.0,48.0,54.0,65.0,67.0,91.0,86.0,65.0,34.0,35.0,38.0,46.0,75.0,62.0,33.0,60.0,48.0,57.0,43.0,57.0,Secondary
CAR00415,Architect Specialist 415,Transportation,Track 5,Cluster 25,69.0,30.0,45.0,35.0,23.0,70.0,45.0,44.0,52.0,29.0,42.0,81.0,61.0,25.0,36.0,54.0,25.0,58.0,84.0,76.0,25.0,Higher Secondary
CAR00416,Urban Planner Specialist 416,Aviation,Track 6,Cluster 26,29.0,,81.0,69.0,61.0,45.0,45.0,33.0,41.0,63.0,21.0,58.0,83.0,51.0,40.0,84.0,57.0,41.0,27.0,36.0,88.0,Professional Degree
CAR00417,Doctor Specialist 417,Marine,Track 7,Cluster 27,55.0,37.0,32.0,63.0,90.0,53.0,92.0,92.0,83.0,57.0,35.0,44.0,95.0,37.0,71.0,69.0,31.0,16.0,87.0,80.0,93.0,Secondary
CAR00418,Nurse Specialist 418,Business,Track 8,Cluster 28,84.0,64.0,95.0,,31.0,42.0,59.0,85.0,39.0,48.0,21.0,33.0,42.0,61.0,44.0,40.0,21.0,53.0,63.0,47.0,92.0,Professional Degree
CAR00419,Physiotherapist Specialist 419,Finance,Track 9,Cluster 29,56.0,81.0,90.0,22.0,62.0,32.0,16.0,19.0,35.0,68.0,51.0,23.0,70.0,44.0,39.0,38.0,51.0,86.0,69.0,48.0,75.0,Postgraduate
CAR00420,Pharmacist Specialist 420,Law,Track 10,Cluster 30,32.0,36.0,74.0,30.0,29.0,60.0,55.0,62.0,81.0,62.0,42.0,65.0,51.0,44.0,33.0,59.0,27.0,81.0,62.0,41.0,74.0,Diploma
CAR00421,Dentist Specialist 421,Education,Track 1,Cluster 1,25.0,28.0,54.0,58.0,34.0,19.0,82.0,32.0,77.0,92.0,22.0,84.0,26.0,63.0,24.0,39.0,56.0,92.0,88.0,26.0,72.0,Undergraduate
CAR00422,Medical Laboratory Scientist Specialist 422,Psychology & Social Services,Track 2,Cluster 2,30.0,77.0,40.0,53.0,54.0,39.0,57.0,74.0,70.0,35.0,41.0,18.0,17.0,24.0,19.0,92.0,23.0,20.0,77.0,41.0,83.0,Undergraduate
CAR00423,Microbiologist Specialist 423,Government & Public Service,Track 3,Cluster 3,21.0,32.0,23.0,22.0,44.0,36.0,42.0,25.0,35.0,18.0,35.0,67.0,51.0,17.0,23.0,18.0,53.0,19.0,88.0,69.0,47.0,Higher Secondary
CAR00424,Biotechnologist Specialist 424,Defence & Security,Track 4,Cluster 4,38.0,43.0,44.0,41.0,26.0,16.0,88.0,89.0,16.0,59.0,52.0,21.0,81.0,39.0,90.0,46.0,43.0,88.0,30.0,47.0,41.0,Secondary
CAR00425,Geneticist Specialist 425,Media & Communication,Track 5,Cluster 5,46.0,43.0,83.0,73.0,49.0,61.0,25.0,18.0,74.0,30.0,38.0,46.0,42.0,82.0,91.0,20.0,23.0,39.0,36.0,60.0,72.0,Postgraduate
CAR00426,Agricultural Scientist Specialist 426,Arts & Design,Track 6,Cluster 6,31.0,82.0,24.0,67.0,68.0,37.0,92.0,94.0,57.0,51.0,74.0,91.0,68.0,87.0,89.0,25.0,73.0,55.0,65.0,90.0,63.0,Secondary
CAR00427,Agronomist Specialist 427,Fashion,Track 7,Cluster 7,82.0,59.0,67.0,85.0,29.0,70.0,49.0,54.0,62.0,52.0,33.0,37.0,82.0,91.0,77.0,36.0,30.0,21.0,90.0,50.0,60.0,Undergraduate
CAR00428,Forestry Specialist Specialist 428,Hospitality & Tourism,Track 8,Cluster 8,50.0,91.0,73.0,71.0,69.0,90.0,53.0,92.0,33.0,35.0,18.0,25.0,69.0,83.0,83.0,52.0,73.0,51.0,38.0,84.0,24.0,Secondary
CAR00429,Environmental Scientist Specialist 429,Sports,Track 9,Cluster 9,64.0,33.0,91.0,41.0,71.0,15.0,52.0,28.0,84.0,77.0,36.0,64.0,63.0,95.0,46.0,70.0,59.0,46.0,80.0,74.0,51.0,Undergraduate
CAR00430,Renewable Energy Engineer Specialist 430,Logistics & Supply Chain,Track 10,Cluster 10,45.0,86.0,45.0,92.0,45.0,15.0,70.0,28.0,54.0,68.0,17.0,24.0,33.0,94.0,62.0,24.0,21.0,83.0,64.0,62.0,39.0,Diploma
CAR00431,Energy Analyst Specialist 431,Skilled Trades,Track 1,Cluster 11,78.0,56.0,,95.0,71.0,65.0,80.0,69.0,26.0,53.0,22.0,40.0,70.0,36.0,18.0,95.0,29.0,41.0,72.0,22.0,55.0,Diploma
CAR00432,Automotive Engineer Specialist 432,Research,Track 2,Cluster 12,61.0,63.0,93.0,78.0,22.0,19.0,46.0,41.0,46.0,86.0,55.0,22.0,50.0,17.0,,94.0,36.0,59.0,65.0,41.0,95.0,Diploma
CAR00433,Aviation Engineer Specialist 433, Technology ,Track 3,Cluster 13,74.0,71.0,89.0,44.0,42.0,47.0,15.0,88.0,80.0,30.0,35.0,50.0,15.0,91.0,40.0,18.0,70.0,79.0,47.0,47.0,50.0,Diploma
CAR00434,Pilot Specialist 434,Engineering,Track 4,Cluster 14,48.0,72.0,78.0,44.0,51.0,50.0,66.0,71.0,42.0,66.0,61.0,59.0,46.0,16.0,50.0,25.0,33.0,26.0,72.0,44.0,53.0,Undergraduate
CAR00435,Marine Engineer Specialist 435,Healthcare,Track 5,Cluster 15,,66.0,53.0,94.0,41.0,71.0,38.0,28.0,89.0,38.0,38.0,62.0,28.0,21.0,71.0,43.0,86.0,25.0,27.0,36.0,49.0,Postgraduate
CAR00436,Oceanographer Specialist 436,Life Sciences,Track 6,Cluster 16,46.0,68.0,33.0,43.0,17.0,39.0,88.0,62.0,42.0,49.0,75.0,79.0,34.0,52.0,59.0,50.0,68.0,93.0,51.0,33.0,77.0,Professional Degree
CAR00437,Accountant Specialist 437,Agriculture,Track 7,Cluster 17,43.0,58.0,34.0,82.0,17.0,95.0,82.0,27.0,86.0,90.0,32.0,94.0,47.0,15.0,31.0,35.0,90.0,90.0,22.0,80.0,44.0,Professional Degree
CAR00438,Financial Analyst Specialist 438,Environment,Track 8,Cluster 18,26.0,86.0,34.0,86.0,25.0,23.0,59.0,66.0,93.0,16.0,70.0,65.0,31.0,59.0,35.0,78.0,41.0,37.0,54.0,42.0,20.0,Professional Degree
CAR00439,Auditor Specialist 439,Architecture & Construction,Track 9,Cluster 19,93.0,82.0,38.0,73.0,41.0,42.0,18.0,26.0,26.0,34.0,42.0,77.0,47.0,51.0,95.0,92.0,74.0,82.0,24.0,53.0,94.0,Professional Degree
CAR00440,Investment Analyst Specialist 440, Manufacturing ,Track 10,Cluster 20,68.0,24.0,18.0,20.0,79.0,86.0,78.0,72.0,36.0,74.0,23.0,22.0,34.0,35.0,88.0,85.0,53.0,32.0,54.0,,69.0,Undergraduate
CAR00441,Economist Specialist 441,Energy,Track 1,Cluster 21,94.0,79.0,59.0,32.0,65.0,58.0,55.0,31.0,69.0,78.0,51.0,25.0,67.0,90.0,78.0,53.0,63.0,84.0,39.0,79.0,26.0,Professional Degree
CAR00442,Entrepreneur Specialist 442,Transportation,Track 2,Cluster 22,75.0,74.0,78.0,24.0,18.0,20.0,40.0,67.0,95.0,46.0,28.0,77.0,81.0,69.0,47.0,46.0,44.0,27.0,45.0,50.0,22.0,Postgraduate
CAR00443,Marketing Specialist Specialist 443,Aviation,Track 3,Cluster 23,64.0,56.0,47.0,70.0,77.0,73.0,17.0,83.0,28.0,63.0,85.0,28.0,29.0,20.0,15.0,94.0,54.0,47.0,90.0,62.0,70.0,Secondary
CAR00444,Human Resources Specialist Specialist 444,Marine,Track 4,Cluster 24,86.0,72.0,79.0,21.0,70.0,43.0,48.0,91.0,88.0,48.0,27.0,24.0,81.0,47.0,79.0,60.0,68.0,25.0,49.0,17.0,34.0,Professional Degree
CAR00445,Lawyer Specialist 445,Business,Track 5,Cluster 25,38.0,77.0,26.0,17.0,74.0,45.0,24.0,93.0,25.0,20.0,87.0,44.0,31.0,62.0,32.0,37.0,51.0,20.0,58.0,39.0,95.0,Higher Secondary
CAR00446,Legal Advisor Specialist 446, Finance ,Track 6,Cluster 26,32.0,89.0,,35.0,53.0,34.0,,35.0,54.0,68.0,64.0,86.0,31.0,80.0,88.0,20.0,58.0,17.0,33.0,30.0,38.0,Postgraduate
CAR00447, Teacher Specialist 447 ,Law,Track 7,Cluster 27,80.0,21.0,92.0,89.0,47.0,69.0,58.0,93.0,,87.0,79.0,18.0,35.0,73.0,24.0,38.0,48.0,17.0,58.0,82.0,50.0,Diploma
CAR00448,Education Consultant Specialist 448,Education,Track 8,Cluster 28,70.0,38.0,35.0,48.0,38.0,55.0,83.0,71.0,54.0,78.0,78.0,19.0,63.0,22.0,78.0,26.0,43.0,39.0,19.0,35.0,36.0,Higher Secondary
CAR00449,Psychologist Specialist 449,Psychology & Social Services,Track 9,Cluster 29,31.0,40.0,38.0,70.0,55.0,25.0,47.0,28.0,30.0,45.0,84.0,79.0,29.0,44.0,28.0,46.0,15.0,60.0,54.0,52.0,51.0,Undergraduate
CAR00450,Counsellor Specialist 450,Government & Public Service,Track 10,Cluster 30,22.0,59.0,85.0,26.0,87.0,32.0,26.0,47.0,55.0,54.0,70.0,85.0,26.0,39.0,43.0,51.0,67.0,53.0,39.0,54.0,48.0,Postgraduate
CAR00451,Social Worker Specialist 451,Defence & Security,Track 1,Cluster 1,75.0,60.0,37.0,26.0,53.0,44.0,94.0,51.0,23.0,72.0,86.0,24.0,54.0,,30.0,30.0,29.0,16.0,54.0,73.0,64.0,Postgraduate
CAR00452,Civil Services Officer Specialist 452,Media & Communication,Track 2,Cluster 2,93.0,50.0,23.0,45.0,76.0,38.0,41.0,91.0,53.0,51.0,15.0,56.0,91.0,33.0,64.0,42.0,31.0,92.0,64.0,49.0,87.0,Diploma
CAR00453,Policy Analyst Specialist 453,Arts & Design,Track 3,Cluster 3,15.0,58.0,92.0,69.0,78.0,73.0,28.0,80.0,20.0,79.0,33.0,40.0,69.0,49.0,89.0,16.0,63.0,44.0,76.0,33.0,34.0,Undergraduate
CAR00454,Defence Officer Specialist 454,Fashion,Track 4,Cluster 4,23.0,50.0,39.0,40.0,79.0,34.0,73.0,45.0,60.0,42.0,38.0,28.0,83.0,59.0,78.0,88.0,22.0,76.0,20.0,40.0,63.0,Secondary
CAR00455,Journalist Specialist 455,Hospitality & Tourism,Track 5,Cluster 5,66.0,50.0,24.0,68.0,43.0,57.0,31.0,70.0,78.0,49.0,89.0,38.0,74.0,25.0,57.0,81.0,84.0,66.0,47.0,35.0,65.0,Professional Degree
CAR00456,Public Relations Specialist Specialist 456,Sports,Track 6,Cluster 6,76.0,46.0,20.0,81.0,60.0,25.0,55.0,82.0,86.0,68.0,60.0,44.0,15.0,41.0,75.0,37.0,28.0,39.0,91.0,34.0,81.0,Postgraduate
CAR00457,Content Creator Specialist 457,Logistics & Supply Chain,Track 7,Cluster 7,46.0,15.0,39.0,79.0,77.0,23.0,45.0,86.0,,65.0,77.0,60.0,23.0,56.0,39.0,76.0,77.0,67.0,94.0,,36.0,Higher Secondary
CAR00458,Graphic Designer Specialist 458,Skilled Trades,Track 8,Cluster 8,73.0,73.0,38.0,36.0,26.0,48.0,90.0,48.0,78.0,92.0,87.0,34.0,23.0,18.0,80.0,79.0,90.0,94.0,51.0,85.0,23.0,Diploma
CAR00459,UI UX Designer Specialist 459,Research,Track 9 ,Cluster 9,27.0,45.0,74.0,64.0,61.0,18.0,49.0,36.0,51.0,62.0,35.0,68.0,77.0,66.0,84.0,32.0,40.0,18.0,51.0,59.0,64.0,Secondary
CAR00460,Product Designer Specialist 460,Technology,Track 10,Cluster 10,76.0,70.0,42.0,41.0,34.0,85.0,38.0,87.0,25.0,20.0,19.0,34.0,68.0,25.0,51.0,36.0,48.0,32.0,91.0,55.0,46.0,Undergraduate
CAR00461,Fashion Designer Specialist 461,Engineering,Track 1,Cluster 11,26.0,70.0,92.0,56.0,18.0,,87.0,42.0,30.0,60.0,18.0,33.0,19.0,64.0,45.0,79.0,91.0,79.0,46.0,87.0,53.0,Diploma
CAR00462,Illustrator Specialist 462,Healthcare,Track 2,Cluster 12,64.0,55.0,70.0,75.0,44.0,76.0,37.0,35.0,69.0,68.0,84.0,29.0,44.0,89.0,58.0,29.0,21.0,36.0,58.0,43.0,27.0,Professional Degree
CAR00463,Animator Specialist 463,Life Sciences,Track 3,Cluster 13,39.0,38.0,44.0,30.0,21.0,28.0,22.0,72.0,73.0,53.0,78.0,67.0,63.0,76.0,55.0,83.0,15.0,90.0,74.0,37.0,80.0,Secondary
CAR00464,Chef Specialist 464,Agriculture,Track 4,Cluster 14,34.0,44.0,58.0,33.0,87.0,36.0,81.0,26.0,53.0,62.0,33.0,81.0,35.0,22.0,31.0,34.0,77.0,48.0,58.0,37.0,83.0,Undergraduate
CAR00465,Hotel Manager Specialist 465,Environment,Track 5,Cluster 15,76.0,27.0,84.0,37.0,88.0,95.0,30.0,70.0,21.0,17.0,63.0,49.0,50.0,47.0,71.0,22.0,31.0,73.0,,83.0,79.0,Higher Secondary
CAR00466,Travel Consultant Specialist 466,Architecture & Construction,Track 6,Cluster 16,50.0,49.0,20.0,53.0,57.0,93.0,30.0,74.0,81.0,71.0,64.0,74.0,89.0,63.0,49.0,84.0,27.0,61.0,87.0,78.0,35.0,Professional Degree
CAR00467,Sports Coach Specialist 467,Manufacturing,Track 7,Cluster 17,49.0,20.0,51.0,49.0,17.0,62.0,61.0,91.0,16.0,84.0,16.0,71.0,51.0,32.0,39.0,39.0,23.0,86.0,72.0,55.0,26.0,Secondary
CAR00468,Sports Scientist Specialist 468,Energy,Track 8,Cluster 18,15.0,60.0,91.0,81.0,89.0,78.0,16.0,56.0,27.0,49.0,87.0,92.0,26.0,73.0,19.0,61.0,72.0,73.0,57.0,84.0,15.0,Secondary
CAR00469,Supply Chain Analyst Specialist 469,Transportation,Track 9,Cluster 19,46.0,19.0,95.0,83.0,85.0,62.0,90.0,84.0,95.0,32.0,69.0,90.0,73.0,37.0,59.0,74.0,94.0,56.0,43.0,62.0,44.0,Diploma
CAR00470,Logistics Manager Specialist 470,Aviation,Track 10,Cluster 20,89.0,25.0,31.0,25.0,59.0,76.0,66.0,69.0,26.0,73.0,72.0,18.0,41.0,94.0,72.0,22.0,44.0,92.0,38.0,60.0,47.0,Secondary
CAR00471,Electrician Specialist 471,Marine,Track 1,Cluster 21,67.0,24.0,87.0,81.0,55.0,56.0,84.0,34.0,38.0,71.0,60.0,58.0,18.0,60.0,33.0,64.0,84.0,43.0,31.0,15.0,42.0,Undergraduate
CAR00472,Welder Specialist 472,Business,Track 2,Cluster 22,19.0,74.0,95.0,24.0,66.0,36.0,44.0,55.0,88.0,70.0,63.0,88.0,86.0,87.0,52.0,58.0,65.0,54.0,88.0,59.0,72.0,Professional Degree
CAR00473,Technician Specialist 473,Finance,Track 3,Cluster 23,91.0,54.0,17.0,46.0,72.0,50.0,65.0,90.0,41.0,75.0,84.0,92.0,54.0,36.0,59.0,61.0,62.0,78.0,59.0,72.0,92.0,Undergraduate
CAR00474,Research Scientist Specialist 474,Law,Track 4,Cluster 24,46.0,31.0,65.0,51.0,71.0,91.0,84.0,53.0,66.0,91.0,95.0,55.0,33.0,20.0,20.0,66.0,74.0,88.0,44.0,84.0,59.0,Higher Secondary
CAR00475,Software Developer Specialist 475,Education,Track 5,Cluster 25,78.0,86.0,15.0,64.0,53.0,15.0,90.0,37.0,83.0,55.0,84.0,69.0,53.0,22.0,47.0,64.0,54.0,16.0,55.0,92.0,38.0,Undergraduate
CAR00476,Data Scientist Specialist 476,Psychology & Social Services,Track 6,Cluster 26,47.0,78.0,77.0,94.0,40.0,17.0,17.0,56.0,51.0,47.0,80.0,58.0,91.0,27.0,90.0,55.0,35.0,80.0,17.0,84.0,28.0,Diploma
CAR00477,AI Engineer Specialist 477,Government & Public Service,Track 7,Cluster 27,86.0,37.0,30.0,74.0,79.0,66.0,69.0,80.0,23.0,38.0,19.0,76.0,62.0,20.0,52.0,46.0,91.0,45.0,75.0,31.0,91.0,Diploma
CAR00478,Machine Learning Engineer Specialist 478,Defence & Security,Track 8,Cluster 28,37.0,44.0,59.0,92.0,62.0,36.0,50.0,15.0,85.0,92.0,17.0,50.0,50.0,41.0,35.0,56.0,57.0,59.0,26.0,28.0,57.0,Diploma
CAR00479,Cybersecurity Analyst Specialist 479,Media & Communication,Track 9,Cluster 29,21.0,73.0,79.0,23.0,53.0,75.0,83.0,40.0,90.0,55.0,35.0,82.0,37.0,61.0,20.0,52.0,72.0,29.0,25.0,65.0,44.0,Postgraduate
CAR00480,Cloud Engineer Specialist 480,Arts & Design,Track 10,Cluster 30,83.0,57.0,59.0,83.0,67.0,30.0,50.0,67.0,22.0,93.0,46.0,15.0,53.0,40.0,50.0,76.0,94.0,17.0,92.0,54.0,95.0,Secondary
CAR00481,Database Administrator Specialist 481,Fashion,Track 1,Cluster 1,29.0,15.0,55.0,44.0,62.0,57.0,15.0,35.0,46.0,69.0,59.0,33.0,80.0,40.0,80.0,15.0,32.0,23.0,78.0,26.0,23.0,Diploma
CAR00482,Web Developer Specialist 482,Hospitality & Tourism,Track 2,Cluster 2,70.0,39.0,64.0,50.0,48.0,62.0,41.0,91.0,43.0,29.0,80.0,17.0,77.0,32.0,83.0,59.0,44.0,56.0,60.0,71.0,94.0,Undergraduate
CAR00483,Mobile App Developer Specialist 483,Sports,Track 3,Cluster 3,78.0,22.0,84.0,15.0,32.0,15.0,76.0,91.0,35.0,51.0,21.0,31.0,61.0,83.0,71.0,46.0,40.0,95.0,57.0,29.0,19.0,Postgraduate
CAR00484,Network Engineer Specialist 484,Logistics & Supply Chain,Track 4,Cluster 4,37.0,89.0,55.0,84.0,89.0,44.0,88.0,54.0,95.0,79.0,68.0,95.0,77.0,72.0,20.0,36.0,78.0,67.0,20.0,85.0,44.0,Undergraduate
CAR00485,Data Analyst Specialist 485,Skilled Trades,Track 5, Cluster 5 ,23.0,24.0,55.0,25.0,64.0,53.0,68.0,29.0,30.0,29.0,85.0,35.0,53.0,33.0,81.0,27.0,61.0,,43.0,29.0,93.0,Secondary
CAR00486,Business Analyst Specialist 486,Research,Track 6,Cluster 6,59.0,31.0,51.0,84.0,16.0,30.0,45.0,40.0,75.0,46.0,32.0,50.0,33.0,74.0,68.0,33.0,28.0,90.0,86.0,34.0,80.0,Secondary
CAR00487,Civil Engineer Specialist 487,Technology,Track 7,Cluster 7,80.0,82.0,53.0,37.0,23.0,59.0,90.0,29.0,40.0,22.0,72.0,54.0,49.0,94.0,48.0,95.0,36.0,15.0,63.0,92.0,35.0,Secondary
CAR00488,Mechanical Engineer Specialist 488,Engineering,Track 8,Cluster 8,55.0,68.0,46.0,72.0,64.0,57.0,65.0,79.0,74.0,34.0,51.0,62.0,84.0,15.0,63.0,71.0,17.0,50.0,89.0,24.0,95.0,Diploma
CAR00489,Electrical Engineer Specialist 489,Healthcare,Track 9,Cluster 9,59.0,25.0,23.0,57.0,43.0,55.0,38.0,52.0,28.0,43.0,76.0,36.0,23.0,71.0,52.0,44.0,78.0,35.0,91.0,88.0,82.0,Diploma
CAR00490,Electronics Engineer Specialist 490,Life Sciences,Track 10, Cluster 10 ,47.0,81.0,42.0,23.0,44.0,53.0,73.0,36.0,67.0,49.0,92.0,27.0,75.0,93.0,61.0,21.0,57.0,85.0,86.0,59.0,76.0,Professional Degree
CAR00491,Chemical Engineer Specialist 491,Agriculture,Track 1,Cluster 11,48.0,74.0,55.0,53.0,86.0,58.0,16.0,33.0,,85.0,34.0,23.0,42.0,84.0,83.0,65.0,95.0,58.0,71.0,56.0,72.0,Undergraduate
CAR00492,Biomedical Engineer Specialist 492,Environment,Track 2,Cluster 12,39.0,26.0,34.0,22.0,53.0,,58.0,28.0,93.0,27.0,57.0,29.0,64.0,94.0,81.0,34.0,32.0,23.0,52.0,28.0,55.0,Postgraduate
CAR00493,Environmental Engineer Specialist 493,Architecture & Construction,Track 3, Cluster 13 ,39.0,37.0,38.0,86.0,54.0,42.0,65.0,64.0,20.0,73.0,37.0,72.0,94.0,85.0,28.0,50.0,60.0,92.0,54.0,25.0,74.0,Diploma
CAR00494,Architect Specialist 494, Manufacturing ,Track 4,Cluster 14,57.0,17.0,70.0,20.0,74.0,19.0,55.0,18.0,82.0,37.0,23.0,56.0,59.0,77.0,57.0,27.0,81.0,15.0,19.0,27.0,72.0,Diploma
CAR00495,Urban Planner Specialist 495,Energy,Track 5,Cluster 15,59.0,58.0,94.0,27.0,93.0,73.0,60.0,43.0,34.0,41.0,21.0,78.0,73.0,15.0,82.0,39.0,52.0,56.0,94.0,94.0,17.0,Postgraduate
CAR00496,Doctor Specialist 496,Transportation,Track 6,Cluster 16,49.0,66.0,91.0,67.0,51.0,61.0,57.0,55.0,89.0,89.0,25.0,91.0,53.0,47.0,33.0,66.0,40.0,47.0,78.0,92.0,81.0,Higher Secondary
CAR00497,Nurse Specialist 497,Aviation,Track 7,Cluster 17,34.0,30.0,46.0,55.0,57.0,93.0,57.0,94.0,75.0,52.0,18.0,20.0,71.0,,30.0,56.0,74.0,44.0,20.0,58.0,85.0,Undergraduate
CAR00498,Physiotherapist Specialist 498,Marine,Track 8,Cluster 18,21.0,21.0,33.0,56.0,70.0,51.0,69.0,42.0,30.0,91.0,32.0,55.0,29.0,47.0,56.0,37.0,84.0,16.0,60.0,42.0,57.0,Postgraduate
CAR00499,Pharmacist Specialist 499,Business,Track 9,Cluster 19,87.0,63.0,50.0,34.0,46.0,32.0,95.0,52.0,77.0,93.0,20.0,78.0,46.0,51.0,56.0,25.0,92.0,21.0,16.0,77.0,86.0,Diploma
CAR00500,Dentist Specialist 500,Finance,Track 10,Cluster 20,25.0,32.0,49.0,63.0,21.0,15.0,39.0,18.0,38.0,19.0,48.0,58.0,36.0,91.0,59.0,50.0,90.0,82.0,82.0,33.0,66.0,Professional Degree
CAR00501,Medical Laboratory Scientist Specialist 501,Law,Track 1,Cluster 21,21.0,64.0,71.0,27.0,89.0,77.0,23.0,67.0,94.0,51.0,,32.0,93.0,23.0,72.0,74.0,51.0,22.0,56.0,95.0,91.0,Postgraduate
CAR00502,Microbiologist Specialist 502,Education,Track 2,Cluster 22,41.0,81.0,62.0,93.0,45.0,59.0,23.0,79.0,34.0,68.0,25.0,84.0,74.0,35.0,43.0,43.0,43.0,59.0,79.0,74.0,80.0,Diploma
CAR00503,Biotechnologist Specialist 503,Psychology & Social Services,Track 3,Cluster 23,33.0,79.0,22.0,90.0,51.0,84.0,28.0,31.0,62.0,20.0,45.0,70.0,17.0,92.0,69.0,88.0,42.0,61.0,80.0,46.0,38.0,Professional Degree
CAR00504,Geneticist Specialist 504,Government & Public Service,Track 4,Cluster 24,74.0,66.0,68.0,71.0,42.0,95.0,83.0,63.0,18.0,15.0,83.0,45.0,52.0,33.0,73.0,66.0,49.0,38.0,67.0,80.0,23.0,Professional Degree
CAR00505,Agricultural Scientist Specialist 505,Defence & Security,Track 5, Cluster 25 ,23.0,43.0,81.0,62.0,56.0,32.0,84.0,64.0,89.0,58.0,40.0,40.0,86.0,95.0,43.0,55.0,59.0,84.0,29.0,80.0,92.0,Professional Degree
CAR00506,Agronomist Specialist 506,Media & Communication,Track 6,Cluster 26,46.0,44.0,36.0,66.0,31.0,51.0,69.0,35.0,29.0,21.0,53.0,44.0,62.0,56.0,56.0,84.0,82.0,31.0,82.0,86.0,56.0,Professional Degree
CAR00507,Forestry Specialist Specialist 507,Arts & Design ,Track 7,Cluster 27,,68.0,93.0,57.0,47.0,46.0,46.0,43.0,59.0,65.0,27.0,37.0,80.0,95.0,59.0,84.0,47.0,54.0,34.0,54.0,38.0,Postgraduate
CAR00508,Environmental Scientist Specialist 508,Fashion,Track 8,Cluster 28,39.0,66.0,89.0,68.0,60.0,76.0,31.0,74.0,36.0,61.0,27.0,16.0,23.0,45.0,91.0,30.0,88.0,41.0,44.0,27.0,80.0,Secondary
CAR00509,Renewable Energy Engineer Specialist 509,Hospitality & Tourism,Track 9,Cluster 29,71.0,91.0,93.0,57.0,66.0,69.0,32.0,40.0,73.0,23.0,40.0,85.0,44.0,71.0,93.0,79.0,40.0,90.0,71.0,94.0,42.0,Higher Secondary
CAR00510,Energy Analyst Specialist 510,Sports,Track 10,Cluster 30,73.0,27.0,49.0,54.0,44.0,54.0,77.0,94.0,51.0,79.0,37.0,90.0,58.0,75.0,60.0,88.0,41.0,89.0,44.0,94.0,26.0,Diploma
CAR00511,Automotive Engineer Specialist 511,Logistics & Supply Chain,Track 1,Cluster 1,64.0,72.0,69.0,67.0,61.0,25.0,36.0,60.0,60.0,23.0,64.0,38.0,66.0,40.0,75.0,23.0,76.0,45.0,81.0,16.0,34.0,Diploma
CAR00512,Aviation Engineer Specialist 512,Skilled Trades,Track 2,Cluster 2,48.0,84.0,46.0,18.0,93.0,37.0,91.0,31.0,39.0,69.0,88.0,71.0,58.0,27.0,37.0,94.0,41.0,17.0,31.0,38.0,84.0,Professional Degree
CAR00513,Pilot Specialist 513,Research,Track 3,Cluster 3,87.0,70.0,31.0,72.0,28.0,57.0,78.0,23.0,48.0,81.0,71.0,35.0,79.0,15.0,22.0,93.0,62.0,40.0,89.0,17.0,68.0,Professional Degree
CAR00514, Marine Engineer Specialist 514 ,Technology,Track 4,Cluster 4,34.0,74.0,15.0,25.0,90.0,35.0,85.0,73.0,55.0,67.0,22.0,37.0,20.0,30.0,38.0,21.0,75.0,71.0,44.0,64.0,57.0,Higher Secondary
CAR00515,Oceanographer Specialist 515,Engineering,Track 5,Cluster 5,45.0,54.0,64.0,31.0,65.0,17.0,75.0,40.0,55.0,75.0,63.0,56.0,37.0,22.0,85.0,72.0,46.0,59.0,87.0,36.0,33.0,Undergraduate
CAR00516,Accountant Specialist 516,Healthcare,Track 6,Cluster 6,72.0,74.0,85.0,59.0,83.0,89.0,59.0,39.0,88.0,59.0,80.0,16.0,75.0,18.0,28.0,78.0,79.0,53.0,83.0,49.0,51.0,Diploma
CAR00517,Financial Analyst Specialist 517,Life Sciences,Track 7,Cluster 7,46.0,94.0,44.0,73.0,42.0,90.0,29.0,28.0,41.0,82.0,38.0,94.0,30.0,37.0,25.0,80.0,89.0,40.0,92.0,79.0,28.0,Undergraduate
CAR00518,Auditor Specialist 518,Agriculture,Track 8,Cluster 8,36.0,66.0,,74.0,36.0,56.0,41.0,46.0,33.0,19.0,37.0,26.0,51.0,20.0,30.0,68.0,37.0,90.0,18.0,62.0,15.0,Diploma
CAR00519,Investment Analyst Specialist 519,Environment,Track 9,Cluster 9,54.0,34.0,41.0,81.0,56.0,82.0,89.0,16.0,56.0,65.0,83.0,52.0,80.0,21.0,62.0,39.0,47.0,34.0,49.0,63.0,17.0,Postgraduate
CAR00520,Economist Specialist 520,Architecture & Construction,Track 10, Cluster 10 ,43.0,23.0,67.0,67.0,90.0,84.0,49.0,20.0,62.0,45.0,45.0,79.0,,53.0,92.0,76.0,88.0,56.0,53.0,56.0,92.0,Secondary
CAR00521, Entrepreneur Specialist 521 ,Manufacturing,Track 1,Cluster 11,51.0,24.0,47.0,26.0,15.0,24.0,23.0,68.0,91.0,63.0,93.0,58.0,37.0,58.0,42.0,94.0,66.0,28.0,63.0,30.0,57.0,Undergraduate
CAR00522,Marketing Specialist Specialist 522,Energy,Track 2,Cluster 12,89.0,33.0,56.0,72.0,37.0,15.0,42.0,,40.0,75.0,58.0,84.0,76.0,29.0,71.0,40.0,74.0,75.0,59.0,,35.0,Secondary
CAR00523,Human Resources Specialist Specialist 523,Transportation,Track 3,Cluster 13,94.0,17.0,94.0,51.0,74.0,36.0,84.0,51.0,85.0,62.0,65.0,85.0,57.0,67.0,33.0,89.0,83.0,93.0,38.0,61.0,72.0,Postgraduate
CAR00524,Lawyer Specialist 524,Aviation,Track 4,Cluster 14,37.0,58.0,94.0,33.0,17.0,77.0,28.0,50.0,48.0,,57.0,31.0,37.0,33.0,54.0,64.0,19.0,30.0,95.0,63.0,35.0,Postgraduate
CAR00525,Legal Advisor Specialist 525,Marine,Track 5,Cluster 15,30.0,33.0,69.0,93.0,66.0,87.0,78.0,69.0,57.0,73.0,15.0,33.0,88.0,49.0,43.0,53.0,21.0,33.0,79.0,32.0,70.0,Undergraduate
CAR00526,Teacher Specialist 526,Business,Track 6,Cluster 16,92.0,33.0,43.0,37.0,21.0,61.0,48.0,56.0,20.0,43.0,75.0,76.0,69.0,48.0,54.0,56.0,56.0,37.0,19.0,33.0,80.0,Diploma
CAR00527,Education Consultant Specialist 527,Finance,Track 7,Cluster 17,87.0,20.0,88.0,51.0,67.0,28.0,70.0,77.0,78.0,32.0,39.0,43.0,94.0,94.0,74.0,66.0,25.0,35.0,19.0,92.0,37.0,Higher Secondary
CAR00528,Psychologist Specialist 528,Law,Track 8,Cluster 18,74.0,62.0,15.0,90.0,32.0,90.0,52.0,86.0,88.0,83.0,15.0,78.0,25.0,68.0,37.0,36.0,15.0,16.0,36.0,39.0,41.0,Diploma
CAR00529,Counsellor Specialist 529,Education,Track 9,Cluster 19,68.0,88.0,61.0,27.0,,37.0,49.0,70.0,49.0,89.0,82.0,19.0,38.0,70.0,48.0,63.0,53.0,53.0,22.0,92.0,44.0,Undergraduate
CAR00530,Social Worker Specialist 530,Psychology & Social Services,Track 10,Cluster 20,39.0,82.0,60.0,22.0,40.0,61.0,69.0,84.0,38.0,60.0,88.0,51.0,48.0,78.0,15.0,63.0,15.0,86.0,44.0,74.0,64.0,Undergraduate
CAR00531,Civil Services Officer Specialist 531,Government & Public Service,Track 1,Cluster 21,32.0,45.0,92.0,53.0,18.0,25.0,66.0,89.0,68.0,76.0,57.0,62.0,15.0,21.0,87.0,85.0,24.0,59.0,60.0,23.0,88.0,Higher Secondary
CAR00532,Policy Analyst Specialist 532,Defence & Security,Track 2,Cluster 22,36.0,89.0,57.0,42.0,51.0,43.0,53.0,17.0,15.0,28.0,26.0,50.0,23.0,65.0,29.0,66.0,26.0,75.0,43.0,60.0,68.0,Higher Secondary
CAR00533,Defence Officer Specialist 533,Media & Communication,Track 3,Cluster 23,85.0,68.0,75.0,72.0,63.0,58.0,88.0,21.0,52.0,94.0,74.0,31.0,85.0,84.0,58.0,33.0,44.0,49.0,74.0,41.0,30.0,Postgraduate
CAR00534,Journalist Specialist 534,Arts & Design,Track 4,Cluster 24,31.0,54.0,73.0,76.0,34.0,37.0,93.0,51.0,72.0,74.0,36.0,87.0,46.0,55.0,48.0,15.0,78.0,33.0,37.0,49.0,62.0,Diploma
CAR00535,Public Relations Specialist Specialist 535,Fashion,Track 5,Cluster 25,52.0,19.0,80.0,71.0,30.0,53.0,67.0,17.0,41.0,79.0,71.0,75.0,88.0,40.0,55.0,53.0,53.0,21.0,38.0,86.0,42.0,Professional Degree
CAR00536,Content Creator Specialist 536,Hospitality & Tourism,Track 6,Cluster 26,50.0,39.0,57.0,93.0,89.0,50.0,53.0,16.0,63.0,47.0,60.0,57.0,88.0,23.0,60.0,35.0,25.0,57.0,84.0,54.0,15.0,Higher Secondary
CAR00537,Graphic Designer Specialist 537,Sports,Track 7,Cluster 27,17.0,56.0,44.0,54.0,46.0,45.0,49.0,50.0,94.0,31.0,94.0,62.0,75.0,29.0,18.0,75.0,34.0,49.0,41.0,16.0,44.0,Diploma
CAR00538,UI UX Designer Specialist 538,Logistics & Supply Chain,Track 8,Cluster 28,77.0,,35.0,26.0,79.0,73.0,39.0,36.0,53.0,77.0,70.0,79.0,46.0,65.0,57.0,56.0,64.0,37.0,19.0,73.0,82.0,Higher Secondary
CAR00539,Product Designer Specialist 539,Skilled Trades,Track 9,Cluster 29,90.0,66.0,49.0,,50.0,60.0,82.0,24.0,46.0,15.0,64.0,38.0,36.0,32.0,88.0,29.0,58.0,93.0,59.0,21.0,19.0,Postgraduate
CAR00540,Fashion Designer Specialist 540,Research,Track 10,Cluster 30,42.0,17.0,29.0,67.0,66.0,59.0,50.0,66.0,60.0,17.0,34.0,89.0,94.0,16.0,56.0,37.0,41.0,18.0,81.0,84.0,84.0,Higher Secondary
CAR00541,Illustrator Specialist 541,Technology,Track 1,Cluster 1,61.0,82.0,88.0,70.0,52.0,24.0,47.0,78.0,62.0,86.0,50.0,44.0,71.0,76.0,66.0,45.0,82.0,79.0,41.0,64.0,60.0,Postgraduate
CAR00542, Animator Specialist 542 ,Engineering,Track 2,Cluster 2,27.0,92.0,24.0,94.0,47.0,18.0,15.0,17.0,89.0,54.0,34.0,64.0,23.0,94.0,91.0,65.0,95.0,93.0,91.0,54.0,53.0,Undergraduate
CAR00543,Chef Specialist 543,Healthcare,Track 3,Cluster 3,,67.0,16.0,58.0,52.0,77.0,29.0,56.0,18.0,53.0,51.0,53.0,71.0,61.0,18.0,17.0,66.0,70.0,46.0,80.0,46.0,Postgraduate
CAR00544,Hotel Manager Specialist 544,Life Sciences,Track 4,Cluster 4,80.0,37.0,19.0,39.0,33.0,56.0,42.0,24.0,53.0,56.0,28.0,55.0,50.0,93.0,64.0,79.0,39.0,43.0,66.0,48.0,30.0,Higher Secondary
CAR00545,Travel Consultant Specialist 545,Agriculture,Track 5,Cluster 5,69.0,77.0,25.0,63.0,23.0,34.0,66.0,18.0,16.0,46.0,78.0,27.0,19.0,91.0,89.0,15.0,50.0,32.0,20.0,57.0,72.0,Diploma
CAR00546,Sports Coach Specialist 546,Environment,Track 6,Cluster 6,39.0,17.0,73.0,23.0,83.0,16.0,26.0,76.0,66.0,30.0,71.0,32.0,88.0,18.0,94.0,,45.0,49.0,25.0,57.0,71.0,Postgraduate
CAR00547,Sports Scientist Specialist 547,Architecture & Construction,Track 7,Cluster 7,22.0,62.0,55.0,44.0,61.0,87.0,52.0,50.0,47.0,68.0,38.0,46.0,36.0,27.0,87.0,66.0,68.0,90.0,59.0,44.0,39.0,Secondary
CAR00548,Supply Chain Analyst Specialist 548,Manufacturing,Track 8,Cluster 8,40.0,32.0,62.0,20.0,18.0,25.0,73.0,81.0,92.0,85.0,35.0,91.0,54.0,77.0,36.0,67.0,63.0,95.0,86.0,64.0,30.0,Postgraduate
CAR00549,Logistics Manager Specialist 549,Energy,Track 9,Cluster 9,91.0,88.0,77.0,68.0,91.0,76.0,40.0,85.0,22.0,80.0,76.0,40.0,34.0,30.0,60.0,29.0,55.0,62.0,19.0,69.0,38.0,Secondary
CAR00550,Electrician Specialist 550,Transportation,Track 10,Cluster 10,23.0,,53.0,68.0,60.0,47.0,35.0,38.0,43.0,75.0,34.0,79.0,31.0,49.0,72.0,76.0,25.0,51.0,22.0,39.0,27.0,Undergraduate
CAR00551,Welder Specialist 551,Aviation,Track 1,Cluster 11,89.0,90.0,86.0,60.0,48.0,48.0,92.0,26.0,62.0,33.0,21.0,29.0,50.0,70.0,82.0,54.0,89.0,34.0,71.0,57.0,36.0,Postgraduate
CAR00552,Technician Specialist 552,Marine, Track 2 ,Cluster 12,76.0,79.0,67.0,66.0,16.0,89.0,34.0,72.0,94.0,36.0,90.0,69.0,40.0,18.0,86.0,57.0,67.0,28.0,37.0,67.0,30.0,Postgraduate
CAR00553,Research Scientist Specialist 553,Business,Track 3,Cluster 13,43.0,,22.0,63.0,70.0,27.0,87.0,21.0,55.0,63.0,66.0,30.0,82.0,43.0,90.0,49.0,74.0,77.0,76.0,67.0,37.0,Secondary
CAR00554,Software Developer Specialist 554,Finance,Track 4,Cluster 14,46.0,67.0,72.0,77.0,68.0,31.0,,16.0,88.0,76.0,55.0,35.0,21.0,35.0,89.0,31.0,36.0,87.0,63.0,22.0,64.0,Professional Degree
CAR00555,Data Scientist Specialist 555, Law ,Track 5,Cluster 15,83.0,39.0,90.0,72.0,33.0,45.0,39.0,61.0,34.0,86.0,36.0,34.0,32.0,45.0,64.0,76.0,71.0,17.0,37.0,57.0,57.0,Secondary
CAR00556,AI Engineer Specialist 556,Education,Track 6,Cluster 16,51.0,94.0,66.0,58.0,81.0,93.0,90.0,35.0,78.0,75.0,32.0,62.0,30.0,28.0,20.0,81.0,41.0,50.0,57.0,46.0,90.0,Undergraduate
CAR00557,Machine Learning Engineer Specialist 557,Psychology & Social Services,Track 7,Cluster 17,16.0,71.0,72.0,35.0,20.0,80.0,62.0,92.0,46.0,46.0,16.0,35.0,16.0,37.0,52.0,91.0,86.0,83.0,45.0,29.0,51.0,Postgraduate
CAR00558,Cybersecurity Analyst Specialist 558,Government & Public Service,Track 8,Cluster 18,78.0,19.0,80.0,65.0,89.0,15.0,17.0,62.0,36.0,71.0,61.0,52.0,56.0,29.0,19.0,78.0,39.0,54.0,,33.0,43.0,Higher Secondary
CAR00559,Cloud Engineer Specialist 559,Defence & Security,Track 9,Cluster 19,34.0,83.0,37.0,26.0,41.0,21.0,46.0,18.0,52.0,35.0,54.0,39.0,23.0,95.0,44.0,79.0,80.0,83.0,85.0,21.0,69.0,Secondary
CAR00560,Database Administrator Specialist 560,Media & Communication,Track 10,Cluster 20,55.0,34.0,30.0,92.0,59.0,81.0,45.0,44.0,39.0,91.0,74.0,66.0,15.0,51.0,72.0,54.0,57.0,92.0,39.0,35.0,56.0,Postgraduate
CAR00561,Web Developer Specialist 561,Arts & Design,Track 1,Cluster 21,22.0,36.0,58.0,15.0,66.0,82.0,53.0,32.0,19.0,84.0,84.0,93.0,86.0,50.0,88.0,54.0,74.0,83.0,93.0,73.0,94.0,Higher Secondary
CAR00562,Mobile App Developer Specialist 562,Fashion,Track 2,Cluster 22,92.0,62.0,42.0,44.0,31.0,,65.0,81.0,43.0,21.0,80.0,17.0,92.0,49.0,72.0,35.0,67.0,56.0,27.0,91.0,49.0,Professional Degree
CAR00563,Network Engineer Specialist 563,Hospitality & Tourism,Track 3,Cluster 23,31.0,38.0,77.0,31.0,20.0,38.0,49.0,24.0,15.0,20.0,49.0,85.0,,78.0,88.0,80.0,69.0,72.0,65.0,41.0,45.0,Undergraduate
CAR00564,Data Analyst Specialist 564,Sports,Track 4,Cluster 24,78.0,89.0,61.0,80.0,36.0,87.0,58.0,36.0,18.0,94.0,93.0,83.0,31.0,81.0,58.0,49.0,25.0,17.0,60.0,39.0,61.0,Undergraduate
CAR00565,Business Analyst Specialist 565,Logistics & Supply Chain, Track 5 ,Cluster 25,71.0,95.0,50.0,71.0,51.0,67.0,71.0,51.0,16.0,41.0,56.0,47.0,56.0,25.0,48.0,36.0,50.0,41.0,47.0,63.0,34.0,Higher Secondary
CAR00566,Civil Engineer Specialist 566, Skilled Trades ,Track 6,Cluster 26,94.0,51.0,42.0,50.0,16.0,51.0,90.0,42.0,89.0,62.0,66.0,90.0,50.0,62.0,65.0,40.0,30.0,30.0,40.0,39.0,19.0,Secondary
CAR00567,Mechanical Engineer Specialist 567,Research,Track 7,Cluster 27,70.0,17.0,85.0,47.0,44.0,16.0,95.0,54.0,44.0,72.0,36.0,39.0,32.0,31.0,71.0,54.0,95.0,18.0,69.0,90.0,75.0,Diploma
CAR00568,Electrical Engineer Specialist 568,Technology,Track 8,Cluster 28,16.0,54.0,71.0,84.0,34.0,30.0,37.0,41.0,93.0,38.0,50.0,79.0,28.0,94.0,25.0,24.0,17.0,54.0,26.0,53.0,20.0,Secondary
CAR00569,Electronics Engineer Specialist 569,Engineering,Track 9,Cluster 29,34.0,71.0,60.0,75.0,73.0,32.0,61.0,77.0,70.0,85.0,29.0,30.0,36.0,20.0,48.0,78.0,63.0,32.0,62.0,18.0,87.0,Professional Degree
CAR00570,Chemical Engineer Specialist 570,Healthcare,Track 10,Cluster 30,50.0,83.0,80.0,44.0,59.0,35.0,26.0,44.0,17.0,52.0,68.0,70.0,59.0,44.0,74.0,38.0,36.0,80.0,52.0,57.0,90.0,Secondary
CAR00571,Biomedical Engineer Specialist 571,Life Sciences,Track 1,Cluster 1,84.0,39.0,54.0,44.0,,79.0,44.0,16.0,93.0,51.0,59.0,67.0,48.0,56.0,84.0,17.0,79.0,30.0,71.0,45.0,54.0,Professional Degree
CAR00572,Environmental Engineer Specialist 572,Agriculture,Track 2,Cluster 2,19.0,80.0,80.0,86.0,20.0,16.0,72.0,26.0,57.0,55.0,21.0,80.0,88.0,81.0,,22.0,29.0,18.0,52.0,15.0,28.0,Higher Secondary
CAR00573,Architect Specialist 573,Environment,Track 3,Cluster 3,58.0,29.0,25.0,94.0,22.0,22.0,51.0,90.0,26.0,56.0,90.0,29.0,91.0,56.0,18.0,36.0,36.0,66.0,24.0,59.0,85.0,Diploma
CAR00574,Urban Planner Specialist 574,Architecture & Construction,Track 4,Cluster 4,79.0,72.0,25.0,54.0,54.0,58.0,23.0,45.0,21.0,55.0,16.0,21.0,75.0,38.0,24.0,51.0,80.0,63.0,40.0,58.0,37.0,Secondary
CAR00575,Doctor Specialist 575,Manufacturing,Track 5,Cluster 5,72.0,65.0,18.0,35.0,60.0,55.0,66.0,90.0,46.0,15.0,73.0,63.0,52.0,75.0,46.0,24.0,36.0,71.0,53.0,32.0,67.0,Higher Secondary
CAR00576,Nurse Specialist 576,Energy,Track 6,Cluster 6,70.0,49.0,27.0,22.0,18.0,39.0,74.0,79.0,61.0,71.0,63.0,64.0,31.0,37.0,32.0,23.0,45.0,66.0,71.0,90.0,39.0,Undergraduate
CAR00577,Physiotherapist Specialist 577,Transportation,Track 7,Cluster 7,29.0,29.0,74.0,47.0,76.0,23.0,22.0,27.0,32.0,58.0,35.0,42.0,84.0,88.0,62.0,35.0,62.0,87.0,93.0,19.0,81.0,Higher Secondary
CAR00578,Pharmacist Specialist 578,Aviation,Track 8,Cluster 8,31.0,31.0,38.0,91.0,95.0,66.0,61.0,87.0,80.0,51.0,83.0,48.0,58.0,24.0,71.0,75.0,90.0,56.0,78.0,43.0,72.0,Professional Degree
CAR00579,Dentist Specialist 579,Marine,Track 9,Cluster 9,47.0,87.0,33.0,34.0,23.0,41.0,48.0,85.0,24.0,90.0,27.0,33.0,68.0,64.0,42.0,82.0,48.0,95.0,79.0,29.0,20.0,Diploma
CAR00580,Medical Laboratory Scientist Specialist 580,Business,Track 10,Cluster 10,80.0,84.0,52.0,80.0,58.0,61.0,51.0,40.0,60.0,69.0,42.0,51.0,75.0,46.0,68.0,43.0,20.0,35.0,27.0,26.0,17.0,Professional Degree
CAR00581,Microbiologist Specialist 581,Finance,Track 1,Cluster 11,58.0,51.0,90.0,40.0,83.0,80.0,48.0,68.0,45.0,53.0,79.0,41.0,37.0,26.0,26.0,28.0,73.0,19.0,84.0,69.0,49.0,Undergraduate
CAR00582,Biotechnologist Specialist 582,Law,Track 2,Cluster 12,53.0,50.0,63.0,26.0,36.0,60.0,25.0,55.0,55.0,30.0,19.0,33.0,58.0,21.0,20.0,77.0,81.0,94.0,90.0,87.0,95.0,Undergraduate
CAR00583,Geneticist Specialist 583,Education,Track 3,Cluster 13,79.0,15.0,28.0,19.0,,25.0,74.0,63.0,67.0,88.0,78.0,49.0,80.0,23.0,40.0,77.0,94.0,19.0,43.0,59.0,50.0,Undergraduate
CAR00584,Agricultural Scientist Specialist 584,Psychology & Social Services,Track 4,Cluster 14,24.0,49.0,95.0,79.0,88.0,53.0,95.0,81.0,54.0,87.0,88.0,58.0,88.0,53.0,24.0,64.0,37.0,81.0,76.0,91.0,54.0,Professional Degree
CAR00585,Agronomist Specialist 585,Government & Public Service,Track 5,Cluster 15,95.0,61.0,35.0,82.0,75.0,45.0,26.0,79.0,65.0,15.0,82.0,,85.0,47.0,21.0,95.0,69.0,19.0,65.0,68.0,84.0,Secondary
CAR00586,Forestry Specialist Specialist 586,Defence & Security,Track 6 ,Cluster 16,24.0,41.0,15.0,89.0,47.0,48.0,87.0,29.0,57.0,83.0,65.0,91.0,37.0,46.0,28.0,87.0,45.0,50.0,49.0,72.0,,Secondary
CAR00587,Environmental Scientist Specialist 587,Media & Communication,Track 7,Cluster 17,45.0,42.0,17.0,55.0,27.0,18.0,69.0,93.0,70.0,18.0,62.0,20.0,66.0,26.0,61.0,64.0,18.0,67.0,94.0,39.0,70.0,Diploma
CAR00588,Renewable Energy Engineer Specialist 588,Arts & Design,Track 8,Cluster 18,73.0,59.0,81.0,56.0,,75.0,85.0,19.0,16.0,27.0,63.0,18.0,17.0,32.0,71.0,74.0,52.0,45.0,32.0,90.0,33.0,Professional Degree
CAR00589,Energy Analyst Specialist 589,Fashion,Track 9,Cluster 19,81.0,29.0,,50.0,43.0,89.0,15.0,81.0,49.0,93.0,70.0,38.0,75.0,56.0,31.0,93.0,84.0,26.0,39.0,21.0,21.0,Secondary
CAR00590,Automotive Engineer Specialist 590,Hospitality & Tourism,Track 10,Cluster 20,51.0,26.0,24.0,43.0,45.0,83.0,25.0,41.0,19.0,57.0,90.0,44.0,93.0,92.0,15.0,44.0,51.0,46.0,20.0,16.0,94.0,Diploma
CAR00591,Aviation Engineer Specialist 591,Sports,Track 1,Cluster 21,21.0,78.0,44.0,76.0,90.0,28.0,31.0,18.0,26.0,54.0,34.0,77.0,27.0,36.0,81.0,34.0,77.0,77.0,16.0,71.0,54.0,Diploma
CAR00592,Pilot Specialist 592,Logistics & Supply Chain,Track 2,Cluster 22,48.0,74.0,82.0,48.0,41.0,70.0,31.0,69.0,54.0,51.0,45.0,17.0,76.0,84.0,64.0,55.0,53.0,79.0,33.0,59.0,67.0,Secondary
CAR00593,Marine Engineer Specialist 593, Skilled Trades  ,Track 3,Cluster 23,67.0,76.0,80.0,54.0,85.0,65.0,92.0,44.0,59.0,88.0,75.0,74.0,48.0,72.0,20.0,36.0,,33.0,89.0,21.0,68.0,Higher Secondary
CAR00594,Oceanographer Specialist 594,Research,Track 4,Cluster 24,55.0,63.0,33.0,43.0,58.0,74.0,33.0,63.0,34.0,22.0,61.0,86.0,28.0,73.0,76.0,94.0,66.0,70.0,53.0,80.0,57.0,Higher Secondary
CAR00595,Accountant Specialist 595,Technology,Track 5,Cluster 25,42.0,85.0,78.0,22.0,77.0,69.0,85.0,26.0,59.0,92.0,20.0,69.0,77.0,84.0,50.0,95.0,81.0,40.0,88.0,63.0,71.0,Higher Secondary
CAR00596,Financial Analyst Specialist 596,Engineering,Track 6,Cluster 26,43.0,55.0,18.0,52.0,30.0,47.0,61.0,68.0,57.0,17.0,72.0,79.0,86.0,32.0,27.0,84.0,84.0,79.0,44.0,26.0,43.0,Higher Secondary
CAR00597,Auditor Specialist 597,Healthcare,Track 7,Cluster 27,90.0,29.0,42.0,26.0,27.0,75.0,85.0,23.0,51.0,26.0,76.0,75.0,32.0,38.0,60.0,32.0,79.0,83.0,17.0,76.0,38.0,Postgraduate
CAR00598,Investment Analyst Specialist 598,Life Sciences ,Track 8,Cluster 28,93.0,83.0,70.0,77.0,31.0,21.0,53.0,30.0,91.0,86.0,83.0,37.0,88.0,83.0,49.0,91.0,88.0,33.0,54.0,33.0,87.0,Diploma
CAR00599,Economist Specialist 599,Agriculture,Track 9,Cluster 29,75.0,68.0,88.0,81.0,47.0,44.0,62.0,80.0,69.0,81.0,67.0,76.0,73.0,93.0,54.0,45.0,76.0,88.0,57.0,26.0,25.0,Professional Degree
CAR00600,Entrepreneur Specialist 600,Environment,Track 10,Cluster 30,19.0,28.0,47.0,53.0,46.0,85.0,79.0,35.0,58.0,20.0,18.0,34.0,61.0,49.0,62.0,79.0,23.0,77.0,27.0,57.0,72.0,Higher Secondary
CAR00601,Marketing Specialist Specialist 601,Architecture & Construction,Track 1,Cluster 1,23.0,91.0,58.0,26.0,50.0,48.0,41.0,86.0,32.0,33.0,90.0,26.0,25.0,16.0,86.0,69.0,47.0,89.0,69.0,28.0,95.0,Higher Secondary
CAR00602, Human Resources Specialist Specialist 602 ,Manufacturing,Track 2,Cluster 2,49.0,66.0,39.0,86.0,59.0,23.0,44.0,90.0,77.0,,73.0,,52.0,38.0,30.0,49.0,81.0,84.0,39.0,26.0,53.0,Diploma
CAR00603,Lawyer Specialist 603,Energy,Track 3,Cluster 3,70.0,54.0,78.0,90.0,85.0,60.0,28.0,71.0,54.0,20.0,68.0,31.0,88.0,27.0,15.0,21.0,87.0,15.0,40.0,26.0,46.0,Professional Degree
CAR00604,Legal Advisor Specialist 604,Transportation,Track 4,Cluster 4,93.0,36.0,52.0,92.0,45.0,56.0,76.0,85.0,70.0,,62.0,89.0,55.0,18.0,62.0,85.0,79.0,68.0,74.0,41.0,18.0,Professional Degree
CAR00605,Teacher Specialist 605,Aviation,Track 5,Cluster 5,38.0,64.0,84.0,36.0,49.0,34.0,56.0,25.0,81.0,49.0,31.0,71.0,35.0,46.0,60.0,71.0,29.0,74.0,25.0,58.0,43.0,Postgraduate
CAR00606,Education Consultant Specialist 606,Marine,Track 6,Cluster 6,93.0,40.0,70.0,54.0,58.0,59.0,67.0,32.0,81.0,28.0,,26.0,28.0,81.0,27.0,62.0,35.0,23.0,53.0,,82.0,Diploma
CAR00607,Psychologist Specialist 607,Business ,Track 7, Cluster 7 ,31.0,72.0,58.0,66.0,70.0,49.0,61.0,22.0,79.0,93.0,75.0,91.0,86.0,86.0,88.0,22.0,91.0,56.0,40.0,40.0,81.0,Professional Degree
CAR00608,Counsellor Specialist 608,Finance,Track 8,Cluster 8,56.0,32.0,50.0,57.0,47.0,41.0,35.0,54.0,94.0,22.0,75.0,50.0,79.0,69.0,66.0,47.0,39.0,40.0,43.0,64.0,88.0,Diploma
CAR00609,Social Worker Specialist 609,Law, Track 9 ,Cluster 9,36.0,16.0,79.0,79.0,32.0,76.0,76.0,70.0,19.0,49.0,53.0,81.0,63.0,20.0,74.0,34.0,60.0,19.0,67.0,44.0,51.0,Professional Degree
CAR00610,Civil Services Officer Specialist 610,Education,Track 10,Cluster 10,91.0,44.0,25.0,51.0,60.0,55.0,47.0,36.0,90.0,32.0,87.0,,75.0,32.0,21.0,74.0,35.0,32.0,32.0,70.0,50.0,Higher Secondary
CAR00611,Policy Analyst Specialist 611,Psychology & Social Services,Track 1,Cluster 11,49.0,68.0,56.0,31.0,39.0,42.0,34.0,16.0,43.0,71.0,77.0,65.0,31.0,47.0,32.0,59.0,58.0,24.0,22.0,18.0,49.0,Undergraduate
CAR00612,Defence Officer Specialist 612,Government & Public Service,Track 2,Cluster 12,95.0,67.0,82.0,64.0,33.0,63.0,93.0,40.0,17.0,84.0,25.0,24.0,66.0,53.0,37.0,29.0,22.0,87.0,39.0,82.0,77.0,Professional Degree
CAR00613,Journalist Specialist 613,Defence & Security,Track 3,Cluster 13,62.0,84.0,32.0,45.0,32.0,61.0,22.0,34.0,28.0,22.0,76.0,42.0,90.0,38.0,80.0,71.0,38.0,20.0,76.0,53.0,27.0,Postgraduate
CAR00614,Public Relations Specialist Specialist 614,Media & Communication,Track 4,Cluster 14,87.0,63.0,70.0,74.0,66.0,47.0,16.0,44.0,23.0,72.0,85.0,40.0,75.0,35.0,70.0,68.0,90.0,61.0,20.0,19.0,87.0,Diploma
CAR00615,Content Creator Specialist 615,Arts & Design,Track 5,Cluster 15,77.0,17.0,86.0,16.0,78.0,20.0,71.0,76.0,63.0,47.0,64.0,38.0,30.0,82.0,16.0,40.0,67.0,20.0,31.0,16.0,19.0,Diploma
CAR00616, Graphic Designer Specialist 616 ,Fashion,Track 6,Cluster 16,,51.0,50.0,78.0,46.0,70.0,43.0,61.0,39.0,31.0,58.0,38.0,62.0,62.0,17.0,41.0,74.0,53.0,74.0,18.0,31.0,Diploma
CAR00617,UI UX Designer Specialist 617,Hospitality & Tourism,Track 7,Cluster 17,42.0,59.0,26.0,43.0,55.0,84.0,77.0,60.0,89.0,45.0,51.0,53.0,88.0,27.0,48.0,80.0,18.0,58.0,61.0,45.0,26.0,Postgraduate
CAR00618,Product Designer Specialist 618,Sports,Track 8,Cluster 18,70.0,88.0,88.0,33.0,87.0,63.0,44.0,33.0,28.0,86.0,45.0,23.0,26.0,64.0,86.0,87.0,48.0,25.0,,22.0,51.0,Undergraduate
CAR00619,Fashion Designer Specialist 619,Logistics & Supply Chain,Track 9,Cluster 19,33.0,35.0,34.0,77.0,33.0,41.0,45.0,53.0,66.0,83.0,22.0,66.0,31.0,28.0,16.0,76.0,78.0,33.0,26.0,91.0,95.0,Higher Secondary
CAR00620,Illustrator Specialist 620,Skilled Trades,Track 10,Cluster 20,23.0,29.0,50.0,87.0,65.0,62.0,93.0,95.0,68.0,72.0,52.0,18.0,82.0,20.0,68.0,44.0,65.0,39.0,82.0,35.0,23.0,Professional Degree
CAR00621,Animator Specialist 621,Research,Track 1,Cluster 21,79.0,85.0,59.0,25.0,60.0,40.0,92.0,91.0,32.0,46.0,60.0,90.0,22.0,17.0,73.0,72.0,23.0,34.0,92.0,24.0,58.0,Secondary
CAR00622,Chef Specialist 622,Technology,Track 2,Cluster 22,36.0,71.0,16.0,93.0,30.0,92.0,95.0,16.0,84.0,75.0,55.0,42.0,23.0,51.0,41.0,55.0,47.0,73.0,76.0,50.0,68.0,Postgraduate
CAR00623,Hotel Manager Specialist 623,Engineering,Track 3,Cluster 23,51.0,49.0,50.0,40.0,72.0,74.0,69.0,21.0,54.0,35.0,35.0,31.0,42.0,45.0,46.0,68.0,45.0,55.0,47.0,63.0,26.0,Diploma
CAR00624,Travel Consultant Specialist 624,Healthcare,Track 4,Cluster 24,42.0,86.0,78.0,77.0,70.0,45.0,19.0,35.0,74.0,51.0,24.0,92.0,41.0,83.0,46.0,90.0,53.0,58.0,24.0,68.0,50.0,Postgraduate
CAR00625,Sports Coach Specialist 625,Life Sciences,Track 5,Cluster 25,83.0,76.0,79.0,48.0,45.0,67.0,26.0,30.0,44.0,43.0,39.0,87.0,61.0,83.0,50.0,28.0,42.0,49.0,88.0,26.0,35.0,Secondary
CAR00626,Sports Scientist Specialist 626,Agriculture,Track 6,Cluster 26,21.0,23.0,87.0,15.0,48.0,70.0,79.0,16.0,26.0,27.0,63.0,55.0,39.0,85.0,58.0,64.0,89.0,44.0,64.0,25.0,40.0,Higher Secondary
CAR00627,Supply Chain Analyst Specialist 627,Environment,Track 7,Cluster 27,76.0,68.0,80.0,45.0,67.0,75.0,24.0,25.0,90.0,55.0,26.0,,57.0,60.0,57.0,24.0,71.0,78.0,43.0,33.0,46.0,Secondary
CAR00628,Logistics Manager Specialist 628,Architecture & Construction,Track 8,Cluster 28,91.0,81.0,37.0,43.0,58.0,94.0,38.0,37.0,67.0,52.0,65.0,48.0,22.0,51.0,27.0,19.0,78.0,92.0,63.0,78.0,78.0,Professional Degree
CAR00629, Electrician Specialist 629 ,Manufacturing,Track 9,Cluster 29,78.0,35.0,72.0,52.0,52.0,66.0,24.0,73.0,85.0,87.0,44.0,35.0,41.0,31.0,36.0,81.0,28.0,18.0,30.0,28.0,35.0,Higher Secondary
CAR00630,Welder Specialist 630,Energy,Track 10,Cluster 30,23.0,27.0,,89.0,24.0,56.0,69.0,45.0,27.0,61.0,81.0,49.0,93.0,63.0,93.0,87.0,46.0,67.0,50.0,91.0,49.0,Undergraduate
CAR00631,Technician Specialist 631,Transportation,Track 1,Cluster 1,66.0,17.0,52.0,16.0,95.0,26.0,90.0,89.0,31.0,65.0,49.0,57.0,70.0,19.0,37.0,72.0,55.0,74.0,67.0,78.0,36.0,Higher Secondary
CAR00632,Research Scientist Specialist 632,Aviation,Track 2,Cluster 2,32.0,77.0,16.0,90.0,20.0,29.0,38.0,66.0,20.0,50.0,91.0,91.0,24.0,23.0,95.0,31.0,29.0,76.0,70.0,21.0,64.0,Undergraduate
CAR00633,Software Developer Specialist 633,Marine,Track 3,Cluster 3,18.0,21.0,65.0,69.0,66.0,94.0,57.0,40.0,22.0,70.0,80.0,26.0,42.0,88.0,80.0,58.0,25.0,24.0,70.0,94.0,57.0,Higher Secondary
CAR00634,Data Scientist Specialist 634,Business,Track 4,Cluster 4,26.0,74.0,43.0,72.0,68.0,68.0,91.0,58.0,85.0,16.0,94.0,21.0,26.0,35.0,39.0,58.0,61.0,29.0,44.0,33.0,15.0,Undergraduate
CAR00635,AI Engineer Specialist 635,Finance,Track 5,Cluster 5,30.0,18.0,56.0,15.0,62.0,54.0,23.0,87.0,91.0,55.0,79.0,66.0,18.0,,84.0,65.0,63.0,92.0,95.0,16.0,74.0,Undergraduate
CAR00636,Machine Learning Engineer Specialist 636,Law,Track 6,Cluster 6,28.0,67.0,68.0,37.0,86.0,91.0,89.0,26.0,73.0,36.0,75.0,70.0,76.0,83.0,89.0,19.0,58.0,80.0,48.0,62.0,65.0,Professional Degree
CAR00637,Cybersecurity Analyst Specialist 637,Education,Track 7,Cluster 7,38.0,53.0,,49.0,57.0,56.0,48.0,31.0,16.0,32.0,22.0,18.0,93.0,55.0,56.0,88.0,80.0,68.0,15.0,18.0,36.0,Higher Secondary
CAR00638,Cloud Engineer Specialist 638,Psychology & Social Services,Track 8,Cluster 8,58.0,79.0,66.0,57.0,57.0,40.0,37.0,,90.0,41.0,46.0,16.0,52.0,50.0,89.0,25.0,55.0,42.0,89.0,85.0,71.0,Undergraduate
CAR00639,Database Administrator Specialist 639,Government & Public Service,Track 9,Cluster 9,25.0,24.0,15.0,21.0,53.0,21.0,78.0,60.0,49.0,83.0,67.0,29.0,36.0,69.0,32.0,72.0,87.0,79.0,89.0,88.0,51.0,Postgraduate
CAR00640,Web Developer Specialist 640,Defence & Security,Track 10,Cluster 10,80.0,22.0,18.0,93.0,20.0,68.0,53.0,73.0,34.0,45.0,59.0,69.0,49.0,59.0,90.0,23.0,82.0,87.0,18.0,88.0,86.0,Higher Secondary
CAR00641,Mobile App Developer Specialist 641,Media & Communication,Track 1,Cluster 11,90.0,72.0,85.0,88.0,40.0,81.0,89.0,68.0,82.0,89.0,57.0,62.0,17.0,16.0,37.0,37.0,56.0,50.0,39.0,26.0,,Secondary
CAR00642,Network Engineer Specialist 642,Arts & Design,Track 2,Cluster 12,65.0,72.0,53.0,26.0,30.0,95.0,84.0,86.0,79.0,19.0,64.0,68.0,44.0,66.0,41.0,58.0,69.0,40.0,20.0,15.0,26.0,Postgraduate
CAR00643,Data Analyst Specialist 643,Fashion,Track 3,Cluster 13,89.0,91.0,74.0,60.0,23.0,72.0,89.0,92.0,69.0,20.0,72.0,22.0,64.0,56.0,84.0,46.0,45.0,37.0,,76.0,20.0,Secondary
CAR00644,Business Analyst Specialist 644,Hospitality & Tourism,Track 4,Cluster 14,49.0,55.0,57.0,93.0,70.0,95.0,19.0,79.0,38.0,56.0,52.0,77.0,35.0,19.0,71.0,62.0,,40.0,48.0,69.0,85.0,Professional Degree
CAR00645,Civil Engineer Specialist 645,Sports,Track 5,Cluster 15,50.0,66.0,52.0,44.0,81.0,84.0,77.0,64.0,80.0,40.0,89.0,93.0,20.0,43.0,58.0,25.0,36.0,66.0,45.0,92.0,86.0,Postgraduate
CAR00646,Mechanical Engineer Specialist 646,Logistics & Supply Chain,Track 6,Cluster 16,57.0,61.0,16.0,31.0,34.0,80.0,64.0,65.0,73.0,45.0,61.0,82.0,92.0,60.0,95.0,93.0,94.0,75.0,85.0,20.0,70.0,Professional Degree
CAR00647,Electrical Engineer Specialist 647,Skilled Trades,Track 7,Cluster 17,47.0,77.0,33.0,,17.0,60.0,92.0,63.0,78.0,23.0,78.0,72.0,21.0,18.0,16.0,76.0,37.0,16.0,67.0,90.0,21.0,Postgraduate
CAR00648,Electronics Engineer Specialist 648,Research,Track 8,Cluster 18,55.0,87.0,59.0,84.0,29.0,17.0,57.0,44.0,62.0,38.0,35.0,31.0,89.0,40.0,17.0,19.0,78.0,43.0,35.0,76.0,92.0,Postgraduate
CAR00649,Chemical Engineer Specialist 649,Technology,Track 9,Cluster 19,46.0,67.0,56.0,47.0,70.0,65.0,37.0,17.0,94.0,76.0,57.0,24.0,30.0,88.0,56.0,,26.0,53.0,95.0,35.0,68.0,Secondary
CAR00650,Biomedical Engineer Specialist 650,Engineering,Track 10,Cluster 20,28.0,39.0,37.0,20.0,63.0,,84.0,90.0,20.0,95.0,89.0,38.0,47.0,76.0,16.0,16.0,71.0,93.0,73.0,68.0,45.0,Professional Degree
CAR00651,Environmental Engineer Specialist 651,Healthcare,Track 1,Cluster 21,60.0,62.0,86.0,57.0,94.0,68.0,21.0,54.0,85.0,67.0,50.0,40.0,76.0,84.0,77.0,92.0,94.0,68.0,68.0,92.0,23.0,Postgraduate
CAR00652,Architect Specialist 652, Life Sciences ,Track 2,Cluster 22,68.0,15.0,83.0,46.0,66.0,24.0,68.0,56.0,50.0,23.0,36.0,74.0,61.0,43.0,62.0,64.0,85.0,37.0,72.0,94.0,90.0,Higher Secondary
CAR00653,Urban Planner Specialist 653,Agriculture,Track 3,Cluster 23,26.0,41.0,60.0,78.0,,29.0,94.0,95.0,23.0,87.0,39.0,36.0,40.0,55.0,78.0,40.0,38.0,20.0,56.0,94.0,31.0,Diploma
CAR00654,Doctor Specialist 654,Environment,Track 4,Cluster 24,68.0,80.0,85.0,33.0,89.0,54.0,73.0,50.0,19.0,92.0,91.0,95.0,62.0,52.0,31.0,60.0,89.0,77.0,95.0,80.0,31.0,Professional Degree
CAR00655,Nurse Specialist 655,Architecture & Construction,Track 5,Cluster 25,35.0,40.0,87.0,37.0,76.0,20.0,64.0,86.0,85.0,76.0,64.0,69.0,84.0,91.0,35.0,44.0,52.0,83.0,19.0,73.0,23.0,Secondary
CAR00656,Physiotherapist Specialist 656,Manufacturing,Track 6,Cluster 26,47.0,74.0,70.0,18.0,40.0,57.0,,45.0,90.0,58.0,36.0,73.0,83.0,51.0,35.0,65.0,92.0,33.0,22.0,90.0,85.0,Postgraduate
CAR00657,Pharmacist Specialist 657,Energy,Track 7,Cluster 27,92.0,58.0,71.0,61.0,28.0,83.0,73.0,71.0,26.0,63.0,69.0,34.0,92.0,65.0,64.0,61.0,69.0,53.0,25.0,77.0,55.0,Undergraduate
CAR00658,Dentist Specialist 658,Transportation,Track 8,Cluster 28,21.0,44.0,17.0,43.0,29.0,18.0,60.0,15.0,38.0,21.0,64.0,23.0,68.0,81.0,52.0,43.0,35.0,49.0,24.0,67.0,50.0,Postgraduate
CAR00659,Medical Laboratory Scientist Specialist 659,Aviation,Track 9,Cluster 29,,53.0,46.0,35.0,88.0,92.0,67.0,91.0,69.0,44.0,37.0,49.0,30.0,94.0,19.0,26.0,59.0,82.0,45.0,41.0,40.0,Secondary
CAR00660,Microbiologist Specialist 660,Marine,Track 10,Cluster 30,78.0,58.0,50.0,79.0,68.0,68.0,63.0,77.0,48.0,44.0,82.0,59.0,83.0,29.0,78.0,81.0,21.0,59.0,79.0,51.0,62.0,Secondary
CAR00661,Biotechnologist Specialist 661,Business,Track 1,Cluster 1,71.0,43.0,52.0,87.0,57.0,60.0,87.0,21.0,75.0,91.0,83.0,38.0,65.0,53.0,35.0,44.0,79.0,29.0,18.0,69.0,49.0,Diploma
CAR00662,Geneticist Specialist 662,Finance,Track 2,Cluster 2,69.0,51.0,88.0,29.0,74.0,18.0,48.0,29.0,55.0,57.0,60.0,68.0,50.0,83.0,19.0,65.0,70.0,28.0,84.0,65.0,63.0,Diploma
CAR00663,Agricultural Scientist Specialist 663,Law,Track 3,Cluster 3,43.0,43.0,62.0,81.0,26.0,60.0,49.0,47.0,33.0,36.0,58.0,77.0,55.0,76.0,56.0,76.0,94.0,89.0,38.0,90.0,24.0,Higher Secondary
CAR00664,Agronomist Specialist 664,Education,Track 4,Cluster 4,34.0,53.0,85.0,72.0,83.0,21.0,32.0,65.0,64.0,94.0,56.0,51.0,56.0,29.0,16.0,79.0,91.0,51.0,58.0,27.0,30.0,Undergraduate
CAR00665,Forestry Specialist Specialist 665,Psychology & Social Services,Track 5,Cluster 5,45.0,74.0,16.0,53.0,68.0,,,66.0,54.0,46.0,89.0,67.0,51.0,60.0,47.0,36.0,38.0,55.0,68.0,25.0,,Undergraduate
CAR00666,Environmental Scientist Specialist 666,Government & Public Service,Track 6,Cluster 6,27.0,55.0,93.0,19.0,18.0,69.0,66.0,77.0,20.0,35.0,74.0,48.0,51.0,77.0,49.0,33.0,28.0,57.0,64.0,55.0,81.0,Higher Secondary
CAR00667,Renewable Energy Engineer Specialist 667,Defence & Security,Track 7,Cluster 7,42.0,56.0,80.0,93.0,72.0,88.0,64.0,57.0,31.0,32.0,28.0,21.0,17.0,64.0,82.0,80.0,32.0,74.0,17.0,21.0,27.0,Diploma
CAR00668,Energy Analyst Specialist 668,Media & Communication, Track 8 , Cluster 8 ,47.0,21.0,34.0,77.0,28.0,33.0,18.0,75.0,93.0,28.0,31.0,81.0,72.0,44.0,79.0,86.0,64.0,44.0,28.0,56.0,35.0,Professional Degree
CAR00669,Automotive Engineer Specialist 669,Arts & Design,Track 9,Cluster 9,76.0,53.0,40.0,83.0,34.0,90.0,30.0,43.0,68.0,38.0,76.0,56.0,35.0,46.0,26.0,65.0,36.0,31.0,73.0,44.0,47.0,Higher Secondary
CAR00670,Aviation Engineer Specialist 670,Fashion,Track 10,Cluster 10,49.0,80.0,39.0,49.0,52.0,35.0,15.0,28.0,19.0,37.0,60.0,38.0,95.0,59.0,61.0,23.0,90.0,77.0,31.0,41.0,23.0,Secondary
CAR00671,Pilot Specialist 671,Hospitality & Tourism,Track 1,Cluster 11,40.0,94.0,53.0,80.0,66.0,76.0,69.0,23.0,60.0,88.0,78.0,66.0,38.0,86.0,87.0,93.0,21.0,39.0,46.0,76.0,67.0,Diploma
CAR00672,Marine Engineer Specialist 672,Sports ,Track 2,Cluster 12,25.0,92.0,42.0,83.0,71.0,87.0,59.0,38.0,50.0,85.0,76.0,85.0,30.0,90.0,19.0,16.0,33.0,75.0,42.0,80.0,46.0,Higher Secondary
CAR00673,Oceanographer Specialist 673,Logistics & Supply Chain,Track 3,Cluster 13,26.0,49.0,32.0,90.0,36.0,24.0,51.0,70.0,57.0,59.0,87.0,16.0,42.0,68.0,59.0,45.0,65.0,21.0,62.0,15.0,21.0,Secondary
CAR00674,Accountant Specialist 674,Skilled Trades,Track 4,Cluster 14,29.0,48.0,53.0,82.0,60.0,47.0,37.0,39.0,73.0,53.0,36.0,84.0,65.0,55.0,88.0,86.0,85.0,37.0,27.0,87.0,52.0,Secondary
CAR00675,Financial Analyst Specialist 675,Research,Track 5,Cluster 15,67.0,84.0,74.0,51.0,42.0,26.0,24.0,59.0,88.0,85.0,47.0,58.0,88.0,69.0,52.0,45.0,77.0,38.0,67.0,69.0,57.0,Diploma
CAR00676,Auditor Specialist 676,Technology,Track 6,Cluster 16,36.0,48.0,30.0,45.0,32.0,25.0,82.0,63.0,53.0,50.0,50.0,86.0,40.0,74.0,21.0,76.0,35.0,45.0,85.0,53.0,93.0,Undergraduate
CAR00677,Investment Analyst Specialist 677,Engineering,Track 7,Cluster 17,85.0,80.0,76.0,32.0,50.0,51.0,42.0,41.0,91.0,85.0,42.0,33.0,58.0,53.0,46.0,29.0,74.0,28.0,85.0,75.0,86.0,Diploma
CAR00678,Economist Specialist 678,Healthcare,Track 8,Cluster 18,72.0,41.0,85.0,81.0,17.0,65.0,41.0,53.0,62.0,56.0,22.0,52.0,78.0,79.0,79.0,64.0,39.0,39.0,67.0,92.0,33.0,Postgraduate
CAR00679,Entrepreneur Specialist 679,Life Sciences,Track 9,Cluster 19,29.0,90.0,35.0,25.0,75.0,50.0,86.0,19.0,26.0,66.0,76.0,75.0,35.0,73.0,39.0,59.0,83.0,25.0,43.0,42.0,39.0,Undergraduate
CAR00680,Marketing Specialist Specialist 680,Agriculture,Track 10,Cluster 20,34.0,72.0,19.0,33.0,76.0,34.0,56.0,29.0,71.0,49.0,71.0,82.0,78.0,91.0,66.0,55.0,51.0,50.0,16.0,26.0,95.0,Undergraduate
CAR00681,Human Resources Specialist Specialist 681,Environment,Track 1,Cluster 21,58.0,26.0,37.0,74.0,55.0,67.0,53.0,42.0,74.0,79.0,30.0,35.0,62.0,91.0,61.0,38.0,60.0,34.0,16.0,24.0,48.0,Undergraduate
CAR00682,Lawyer Specialist 682,Architecture & Construction,Track 2,Cluster 22,61.0,30.0,87.0,30.0,41.0,56.0,22.0,55.0,76.0,80.0,51.0,22.0,59.0,27.0,72.0,76.0,80.0,21.0,63.0,59.0,15.0,Undergraduate
CAR00683,Legal Advisor Specialist 683,Manufacturing,Track 3,Cluster 23,59.0,56.0,51.0,61.0,72.0,79.0,84.0,90.0,28.0,85.0,94.0,39.0,33.0,32.0,30.0,76.0,51.0,85.0,51.0,95.0,30.0,Postgraduate
CAR00684,Teacher Specialist 684,Energy,Track 4,Cluster 24,17.0,65.0,69.0,57.0,83.0,71.0,51.0,58.0,20.0,85.0,46.0,28.0,77.0,86.0,39.0,36.0,24.0,19.0,85.0,65.0,69.0,Diploma
CAR00685,Education Consultant Specialist 685,Transportation, Track 5 ,Cluster 25,71.0,95.0,84.0,52.0,90.0,79.0,76.0,86.0,71.0,63.0,54.0,85.0,43.0,62.0,59.0,43.0,62.0,41.0,33.0,62.0,25.0,Higher Secondary
CAR00686,Psychologist Specialist 686,Aviation,Track 6,Cluster 26,53.0,18.0,94.0,46.0,55.0,46.0,26.0,26.0,42.0,79.0,44.0,16.0,16.0,88.0,62.0,34.0,43.0,83.0,20.0,44.0,90.0,Diploma
CAR00687,Counsellor Specialist 687,Marine,Track 7,Cluster 27,91.0,57.0,41.0,64.0,73.0,94.0,50.0,67.0,74.0,58.0,52.0,46.0,17.0,80.0,91.0,66.0,41.0,84.0,87.0,82.0,69.0,Postgraduate
CAR00688,Social Worker Specialist 688,Business,Track 8,Cluster 28,71.0,52.0,34.0,29.0,,48.0,48.0,35.0,40.0,85.0,85.0,35.0,17.0,73.0,20.0,44.0,42.0,57.0,64.0,89.0,47.0,Professional Degree
CAR00689,Civil Services Officer Specialist 689,Finance,Track 9,Cluster 29,35.0,71.0,25.0,85.0,26.0,49.0,34.0,92.0,55.0,60.0,53.0,33.0,22.0,20.0,94.0,36.0,81.0,70.0,74.0,93.0,19.0,Undergraduate
CAR00690,Policy Analyst Specialist 690,Law,Track 10,Cluster 30,27.0,19.0,23.0,90.0,89.0,87.0,44.0,84.0,75.0,44.0,91.0,53.0,54.0,59.0,42.0,35.0,19.0,65.0,16.0,86.0,67.0,Higher Secondary
CAR00691,Defence Officer Specialist 691,Education,Track 1,Cluster 1,30.0,92.0,78.0,22.0,37.0,80.0,82.0,37.0,64.0,92.0,78.0,85.0,43.0,76.0,38.0,,84.0,64.0,93.0,83.0,34.0,Postgraduate
CAR00692,Journalist Specialist 692,Psychology & Social Services,Track 2,Cluster 2,53.0,38.0,63.0,74.0,43.0,40.0,72.0,93.0,90.0,41.0,28.0,16.0,80.0,62.0,49.0,78.0,52.0,80.0,17.0,26.0,78.0,Higher Secondary
CAR00693,Public Relations Specialist Specialist 693,Government & Public Service,Track 3,Cluster 3,56.0,18.0,83.0,29.0,40.0,95.0,77.0,80.0,65.0,90.0,23.0,94.0,66.0,54.0,69.0,89.0,24.0,27.0,47.0,45.0,47.0,Postgraduate
CAR00694,Content Creator Specialist 694,Defence & Security,Track 4,Cluster 4,61.0,53.0,50.0,38.0,51.0,57.0,34.0,67.0,84.0,20.0,89.0,24.0,65.0,38.0,31.0,76.0,56.0,26.0,61.0,70.0,75.0,Higher Secondary
CAR00695,Graphic Designer Specialist 695,Media & Communication,Track 5,Cluster 5,60.0,39.0,18.0,15.0,60.0,40.0,55.0,59.0,63.0,88.0,70.0,17.0,75.0,92.0,48.0,45.0,82.0,52.0,71.0,92.0,15.0,Postgraduate
CAR00696,UI UX Designer Specialist 696,Arts & Design,Track 6,Cluster 6,52.0,17.0,28.0,76.0,77.0,32.0,90.0,93.0,22.0,73.0,51.0,57.0,21.0,20.0,43.0,55.0,84.0,60.0,68.0,34.0,65.0,Diploma
CAR00697,Product Designer Specialist 697,Fashion,Track 7,Cluster 7,81.0,57.0,28.0,71.0,95.0,61.0,49.0,95.0,20.0,17.0,73.0,22.0,36.0,34.0,46.0,16.0,57.0,81.0,75.0,79.0,69.0,Postgraduate
CAR00698,Fashion Designer Specialist 698,Hospitality & Tourism,Track 8,Cluster 8,89.0,95.0,42.0,61.0,18.0,66.0,52.0,53.0,58.0,93.0,,43.0,23.0,80.0,69.0,40.0,44.0,62.0,24.0,23.0,73.0,Undergraduate
CAR00699,Illustrator Specialist 699,Sports,Track 9,Cluster 9,88.0,50.0,80.0,17.0,60.0,49.0,27.0,60.0,48.0,81.0,80.0,19.0,49.0,17.0,19.0,19.0,40.0,58.0,16.0,44.0,38.0,Secondary
CAR00700,Animator Specialist 700,Logistics & Supply Chain,Track 10,Cluster 10,27.0,45.0,19.0,,85.0,51.0,58.0,22.0,24.0,82.0,77.0,29.0,94.0,37.0,88.0,83.0,29.0,55.0,33.0,78.0,29.0,Higher Secondary
CAR00701,Chef Specialist 701,Skilled Trades,Track 1,Cluster 11,42.0,21.0,38.0,55.0,58.0,83.0,47.0,50.0,77.0,51.0,54.0,76.0,87.0,28.0,78.0,61.0,54.0,57.0,39.0,41.0,84.0,Diploma
CAR00702,Hotel Manager Specialist 702,Research,Track 2,Cluster 12,66.0,61.0,94.0,69.0,54.0,44.0,43.0,31.0,38.0,73.0,54.0,69.0,43.0,95.0,50.0,92.0,74.0,58.0,92.0,26.0,51.0,Professional Degree
CAR00703,Travel Consultant Specialist 703,Technology,Track 3,Cluster 13,28.0,55.0,,91.0,57.0,33.0,61.0,53.0,32.0,94.0,17.0,25.0,94.0,49.0,33.0,78.0,55.0,49.0,93.0,20.0,17.0,Higher Secondary
CAR00704,Sports Coach Specialist 704,Engineering,Track 4,Cluster 14,22.0,71.0,24.0,,78.0,85.0,65.0,49.0,37.0,60.0,77.0,88.0,43.0,44.0,46.0,73.0,76.0,24.0,50.0,31.0,46.0,Professional Degree
CAR00705,Sports Scientist Specialist 705,Healthcare,Track 5,Cluster 15,67.0,53.0,29.0,16.0,62.0,48.0,95.0,85.0,36.0,48.0,28.0,83.0,19.0,81.0,19.0,21.0,45.0,56.0,50.0,82.0,50.0,Higher Secondary
CAR00706,Supply Chain Analyst Specialist 706,Life Sciences,Track 6,Cluster 16,42.0,91.0,95.0,32.0,18.0,42.0,20.0,47.0,20.0,90.0,33.0,39.0,80.0,70.0,72.0,84.0,51.0,82.0,76.0,58.0,80.0,Undergraduate
CAR00707,Logistics Manager Specialist 707,Agriculture,Track 7,Cluster 17,59.0,62.0,85.0,67.0,56.0,85.0,86.0,81.0,84.0,36.0,75.0,54.0,30.0,27.0,57.0,61.0,35.0,23.0,68.0,46.0,64.0,Postgraduate
CAR00708,Electrician Specialist 708,Environment,Track 8,Cluster 18,64.0,85.0,,23.0,31.0,76.0,75.0,67.0,45.0,30.0,38.0,70.0,69.0,94.0,80.0,59.0,15.0,57.0,93.0,80.0,50.0,Diploma
CAR00709,Welder Specialist 709,Architecture & Construction,Track 9,Cluster 19,36.0,58.0,66.0,43.0,62.0,40.0,83.0,46.0,50.0,16.0,61.0,93.0,94.0,50.0,92.0,29.0,77.0,40.0,28.0,61.0,50.0,Diploma
CAR00710,Technician Specialist 710,Manufacturing,Track 10,Cluster 20,61.0,25.0,30.0,32.0,72.0,38.0,94.0,82.0,16.0,93.0,17.0,68.0,34.0,65.0,64.0,92.0,32.0,47.0,58.0,36.0,79.0,Professional Degree
CAR00711,Research Scientist Specialist 711,Energy,Track 1,Cluster 21,38.0,31.0,70.0,17.0,63.0,60.0,76.0,61.0,20.0,70.0,86.0,77.0,32.0,38.0,77.0,45.0,38.0,91.0,27.0,50.0,77.0,Higher Secondary
CAR00712,Software Developer Specialist 712,Transportation,Track 2,Cluster 22,46.0,41.0,42.0,87.0,70.0,18.0,22.0,55.0,32.0,53.0,64.0,68.0,64.0,78.0,27.0,95.0,79.0,21.0,49.0,17.0,22.0,Postgraduate
CAR00713,Data Scientist Specialist 713,Aviation,Track 3,Cluster 23,54.0,80.0,83.0,74.0,22.0,72.0,87.0,88.0,83.0,39.0,31.0,54.0,20.0,73.0,74.0,72.0,90.0,80.0,75.0,81.0,48.0,Higher Secondary
CAR00714,AI Engineer Specialist 714,Marine,Track 4,Cluster 24,86.0,53.0,51.0,34.0,23.0,41.0,56.0,27.0,38.0,33.0,75.0,63.0,64.0,54.0,75.0,89.0,32.0,19.0,89.0,42.0,62.0,Professional Degree
CAR00715,Machine Learning Engineer Specialist 715,Business,Track 5,Cluster 25,39.0,95.0,70.0,84.0,52.0,28.0,45.0,50.0,23.0,16.0,22.0,63.0,,20.0,76.0,95.0,83.0,80.0,64.0,41.0,63.0,Diploma
CAR00716,Cybersecurity Analyst Specialist 716,Finance,Track 6,Cluster 26,47.0,91.0,25.0,88.0,73.0,43.0,39.0,58.0,74.0,22.0,48.0,56.0,91.0,52.0,,30.0,54.0,54.0,36.0,94.0,78.0,Higher Secondary
CAR00717,Cloud Engineer Specialist 717,Law,Track 7,Cluster 27,90.0,33.0,62.0,19.0,51.0,51.0,15.0,65.0,85.0,30.0,43.0,92.0,70.0,59.0,26.0,95.0,76.0,77.0,87.0,36.0,84.0,Undergraduate
CAR00718,Database Administrator Specialist 718,Education,Track 8,Cluster 28,88.0,46.0,25.0,32.0,39.0,37.0,43.0,87.0,84.0,32.0,84.0,18.0,35.0,30.0,47.0,55.0,61.0,68.0,66.0,47.0,41.0,Undergraduate
CAR00719,Web Developer Specialist 719,Psychology & Social Services,Track 9,Cluster 29,71.0,62.0,68.0,53.0,80.0,15.0,25.0,88.0,28.0,58.0,65.0,94.0,40.0,94.0,80.0,30.0,71.0,91.0,93.0,39.0,74.0,Postgraduate
CAR00720,Mobile App Developer Specialist 720,Government & Public Service,Track 10 ,Cluster 30,62.0,51.0,83.0,19.0,17.0,68.0,78.0,32.0,56.0,71.0,36.0,42.0,39.0,93.0,44.0,52.0,44.0,38.0,42.0,83.0,37.0,Undergraduate
CAR00721,Network Engineer Specialist 721,Defence & Security,Track 1,Cluster 1,91.0,51.0,40.0,28.0,56.0,23.0,48.0,71.0,68.0,70.0,49.0,86.0,56.0,51.0,58.0,50.0,58.0,68.0,23.0,79.0,76.0,Professional Degree
CAR00722,Data Analyst Specialist 722,Media & Communication,Track 2,Cluster 2,35.0,85.0,54.0,54.0,15.0,33.0,54.0,56.0,75.0,29.0,34.0,64.0,20.0,89.0,42.0,46.0,28.0,32.0,86.0,46.0,18.0,Diploma
CAR00723,Business Analyst Specialist 723,Arts & Design,Track 3,Cluster 3,95.0,,84.0,60.0,82.0,58.0,71.0,53.0,31.0,94.0,48.0,58.0,28.0,21.0,45.0,45.0,95.0,71.0,94.0,35.0,18.0,Undergraduate
CAR00724,Civil Engineer Specialist 724,Fashion,Track 4,Cluster 4,57.0,69.0,85.0,69.0,80.0,81.0,64.0,19.0,15.0,60.0,55.0,65.0,71.0,83.0,21.0,73.0,62.0,54.0,42.0,66.0,95.0,Undergraduate
CAR00725,Mechanical Engineer Specialist 725,Hospitality & Tourism,Track 5,Cluster 5,76.0,27.0,70.0,86.0,17.0,59.0,40.0,53.0,77.0,60.0,15.0,62.0,44.0,,77.0,56.0,56.0,46.0,64.0,46.0,50.0,Diploma
CAR00726,Electrical Engineer Specialist 726,Sports,Track 6,Cluster 6,77.0,63.0,43.0,65.0,81.0,65.0,92.0,48.0,65.0,38.0,66.0,73.0,79.0,,79.0,36.0,81.0,23.0,41.0,21.0,23.0,Higher Secondary
CAR00727,Electronics Engineer Specialist 727,Logistics & Supply Chain,Track 7,Cluster 7,47.0,83.0,36.0,67.0,19.0,66.0,93.0,46.0,48.0,90.0,76.0,68.0,27.0,30.0,54.0,69.0,51.0,15.0,71.0,88.0,21.0,Undergraduate
CAR00728,Chemical Engineer Specialist 728,Skilled Trades,Track 8,Cluster 8,68.0,18.0,38.0,94.0,68.0,59.0,91.0,20.0,95.0,18.0,43.0,69.0,53.0,90.0,30.0,43.0,16.0,16.0,22.0,84.0,93.0,Diploma
CAR00729,Biomedical Engineer Specialist 729,Research,Track 9,Cluster 9,,65.0,82.0,47.0,91.0,63.0,23.0,39.0,31.0,48.0,62.0,63.0,86.0,72.0,66.0,61.0,83.0,90.0,64.0,64.0,39.0,Diploma
CAR00730,Environmental Engineer Specialist 730,Technology,Track 10,Cluster 10,92.0,52.0,84.0,60.0,15.0,87.0,65.0,52.0,17.0,67.0,24.0,57.0,67.0,39.0,91.0,23.0,36.0,17.0,76.0,46.0,61.0,Secondary
CAR00731,Architect Specialist 731,Engineering,Track 1,Cluster 11,36.0,81.0,91.0,61.0,64.0,19.0,23.0,24.0,41.0,28.0,68.0,35.0,76.0,26.0,21.0,35.0,48.0,70.0,80.0,52.0,67.0,Postgraduate
CAR00732,Urban Planner Specialist 732,Healthcare,Track 2,Cluster 12,81.0,69.0,58.0,18.0,85.0,81.0,55.0,36.0,53.0,55.0,52.0,89.0,74.0,40.0,31.0,29.0,56.0,53.0,40.0,37.0,54.0,Diploma
CAR00733,Doctor Specialist 733,Life Sciences,Track 3,Cluster 13,59.0,44.0,32.0,,17.0,38.0,45.0,83.0,64.0,80.0,45.0,73.0,24.0,34.0,50.0,85.0,46.0,90.0,79.0,40.0,44.0,Professional Degree
CAR00734,Nurse Specialist 734,Agriculture,Track 4,Cluster 14,39.0,26.0,83.0,36.0,64.0,42.0,58.0,92.0,75.0,90.0,73.0,70.0,70.0,17.0,61.0,69.0,51.0,67.0,75.0,23.0,72.0,Postgraduate
CAR00735,Physiotherapist Specialist 735,Environment,Track 5,Cluster 15,91.0,93.0,64.0,30.0,81.0,77.0,51.0,39.0,60.0,89.0,61.0,49.0,48.0,42.0,42.0,73.0,83.0,29.0,40.0,38.0,48.0,Diploma
CAR00736,Pharmacist Specialist 736,Architecture & Construction,Track 6,Cluster 16,27.0,84.0,80.0,75.0,42.0,54.0,27.0,78.0,76.0,44.0,81.0,63.0,43.0,34.0,95.0,82.0,60.0,15.0,60.0,29.0,26.0,Professional Degree
CAR00737,Dentist Specialist 737,Manufacturing,Track 7,Cluster 17,35.0,50.0,40.0,81.0,84.0,60.0,56.0,70.0,42.0,21.0,76.0,32.0,23.0,44.0,62.0,75.0,27.0,20.0,61.0,37.0,86.0,Postgraduate
CAR00738,Medical Laboratory Scientist Specialist 738,Energy,Track 8,Cluster 18,78.0,30.0,65.0,39.0,83.0,47.0,75.0,78.0,59.0,94.0,36.0,62.0,76.0,36.0,82.0,73.0,54.0,69.0,62.0,29.0,93.0,Undergraduate
CAR00739,Microbiologist Specialist 739,Transportation,Track 9,Cluster 19,65.0,69.0,45.0,,81.0,23.0,82.0,34.0,59.0,42.0,94.0,45.0,16.0,24.0,17.0,65.0,78.0,47.0,37.0,27.0,39.0,Higher Secondary
CAR00740,Biotechnologist Specialist 740,Aviation,Track 10,Cluster 20,62.0,92.0,86.0,61.0,61.0,41.0,29.0,31.0,88.0,50.0,53.0,92.0,59.0,46.0,28.0,29.0,33.0,56.0,92.0,65.0,23.0,Secondary
CAR00741,Geneticist Specialist 741,Marine,Track 1,Cluster 21,40.0,17.0,19.0,20.0,27.0,66.0,30.0,58.0,52.0,60.0,54.0,30.0,83.0,94.0,71.0,22.0,59.0,46.0,64.0,72.0,83.0,Higher Secondary
CAR00742,Agricultural Scientist Specialist 742,Business,Track 2,Cluster 22,63.0,93.0,72.0,89.0,79.0,61.0,20.0,17.0,65.0,32.0,76.0,53.0,23.0,53.0,42.0,40.0,94.0,44.0,80.0,69.0,52.0,Undergraduate
CAR00743,Agronomist Specialist 743,Finance,Track 3,Cluster 23,95.0,56.0,81.0,33.0,37.0,81.0,34.0,31.0,40.0,55.0,38.0,41.0,60.0,66.0,68.0,70.0,86.0,80.0,85.0,64.0,88.0,Diploma
CAR00744,Forestry Specialist Specialist 744,Law,Track 4,Cluster 24,19.0,71.0,47.0,20.0,22.0,61.0,42.0,83.0,60.0,93.0,33.0,44.0,45.0,47.0,43.0,64.0,49.0,95.0,19.0,17.0,42.0,Postgraduate
CAR00745,Environmental Scientist Specialist 745,Education,Track 5,Cluster 25,55.0,50.0,71.0,51.0,18.0,60.0,54.0,20.0,73.0,18.0,88.0,19.0,44.0,64.0,31.0,64.0,35.0,79.0,95.0,56.0,17.0,Secondary
CAR00746,Renewable Energy Engineer Specialist 746,Psychology & Social Services,Track 6,Cluster 26,56.0,73.0,61.0,,37.0,25.0,46.0,30.0,87.0,31.0,56.0,15.0,52.0,15.0,30.0,15.0,84.0,91.0,37.0,18.0,86.0,Higher Secondary
CAR00747,Energy Analyst Specialist 747,Government & Public Service,Track 7,Cluster 27,86.0,40.0,25.0,80.0,55.0,41.0,55.0,56.0,50.0,59.0,38.0,66.0,82.0,47.0,84.0,25.0,49.0,87.0,27.0,72.0,34.0,Diploma
CAR00748,Automotive Engineer Specialist 748,Defence & Security,Track 8,Cluster 28,77.0,66.0,17.0,32.0,77.0,16.0,51.0,72.0,94.0,50.0,75.0,41.0,15.0,84.0,32.0,33.0,87.0,18.0,83.0,69.0,45.0,Postgraduate
CAR00749,Aviation Engineer Specialist 749,Media & Communication,Track 9,Cluster 29,44.0,51.0,64.0,38.0,93.0,43.0,56.0,39.0,36.0,83.0,52.0,51.0,91.0,21.0,26.0,39.0,28.0,40.0,50.0,54.0,45.0,Higher Secondary
CAR00750,Pilot Specialist 750,Arts & Design,Track 10,Cluster 30,83.0,53.0,35.0,20.0,38.0,83.0,18.0,44.0,30.0,81.0,38.0,19.0,66.0,74.0,33.0,33.0,46.0,84.0,72.0,71.0,65.0,Secondary
CAR00751,Marine Engineer Specialist 751,Fashion,Track 1,Cluster 1,55.0,92.0,17.0,48.0,33.0,95.0,28.0,22.0,65.0,41.0,68.0,68.0,56.0,27.0,70.0,37.0,51.0,84.0,15.0,61.0,41.0,Diploma
CAR00752,Oceanographer Specialist 752,Hospitality & Tourism,Track 2,Cluster 2,24.0,20.0,79.0,64.0,27.0,31.0,31.0,77.0,41.0,29.0,32.0,95.0,76.0,61.0,17.0,46.0,79.0,48.0,26.0,94.0,85.0,Undergraduate
CAR00753,Accountant Specialist 753,Sports,Track 3,Cluster 3,47.0,40.0,,95.0,71.0,59.0,89.0,17.0,95.0,79.0,60.0,26.0,64.0,18.0,94.0,86.0,22.0,52.0,82.0,55.0,26.0,Secondary
CAR00754,Financial Analyst Specialist 754,Logistics & Supply Chain,Track 4,Cluster 4,52.0,60.0,54.0,89.0,41.0,80.0,43.0,77.0,70.0,59.0,47.0,46.0,22.0,52.0,23.0,36.0,94.0,43.0,28.0,27.0,67.0,Undergraduate
CAR00755,Auditor Specialist 755,Skilled Trades,Track 5,Cluster 5,44.0,69.0,54.0,85.0,48.0,88.0,81.0,33.0,43.0,70.0,80.0,75.0,42.0,70.0,52.0,62.0,28.0,18.0,63.0,84.0,80.0,Secondary
CAR00756,Investment Analyst Specialist 756,Research, Track 6 ,Cluster 6,,79.0,53.0,28.0,61.0,27.0,81.0,69.0,90.0,95.0,34.0,60.0,66.0,46.0,72.0,83.0,70.0,19.0,58.0,94.0,67.0,Postgraduate
CAR00757,Economist Specialist 757,Technology,Track 7,Cluster 7,25.0,27.0,53.0,54.0,62.0,60.0,89.0,51.0,16.0,78.0,43.0,40.0,84.0,36.0,21.0,58.0,84.0,18.0,41.0,55.0,20.0,Secondary
CAR00758,Entrepreneur Specialist 758,Engineering,Track 8 ,Cluster 8,75.0,87.0,,20.0,60.0,63.0,68.0,92.0,71.0,78.0,87.0,51.0,15.0,32.0,75.0,22.0,86.0,48.0,28.0,63.0,89.0,Secondary
CAR00759,Marketing Specialist Specialist 759,Healthcare,Track 9,Cluster 9,88.0,88.0,22.0,67.0,37.0,21.0,36.0,36.0,90.0,36.0,85.0,50.0,39.0,82.0,50.0,84.0,72.0,81.0,47.0,73.0,54.0,Higher Secondary
CAR00760,Human Resources Specialist Specialist 760,Life Sciences,Track 10,Cluster 10,36.0,60.0,66.0,38.0,40.0,26.0,76.0,60.0,26.0,64.0,74.0,77.0,53.0,84.0,66.0,81.0,36.0,60.0,75.0,53.0,93.0,Undergraduate
CAR00761,Lawyer Specialist 761,Agriculture,Track 1,Cluster 11,29.0,32.0,83.0,62.0,15.0,46.0,75.0,26.0,31.0,54.0,55.0,30.0,68.0,39.0,87.0,38.0,49.0,65.0,61.0,27.0,86.0,Diploma
CAR00762,Legal Advisor Specialist 762,Environment,Track 2,Cluster 12,53.0,22.0,56.0,43.0,31.0,42.0,86.0,46.0,38.0,43.0,17.0,91.0,79.0,64.0,66.0,33.0,50.0,53.0,20.0,72.0,16.0,Higher Secondary
CAR00763,Teacher Specialist 763,Architecture & Construction,Track 3,Cluster 13,41.0,51.0,36.0,27.0,90.0,78.0,56.0,78.0,77.0,45.0,76.0,39.0,40.0,89.0,19.0,34.0,85.0,44.0,42.0,42.0,,Undergraduate
CAR00764,Education Consultant Specialist 764,Manufacturing,Track 4,Cluster 14,43.0,91.0,75.0,34.0,70.0,47.0,92.0,27.0,68.0,62.0,49.0,68.0,77.0,47.0,95.0,61.0,43.0,68.0,80.0,91.0,32.0,Secondary
CAR00765,Psychologist Specialist 765,Energy,Track 5,Cluster 15,73.0,19.0,67.0,44.0,70.0,43.0,29.0,15.0,37.0,66.0,64.0,64.0,,51.0,64.0,47.0,76.0,15.0,30.0,16.0,66.0,Diploma
CAR00766,Counsellor Specialist 766,Transportation,Track 6,Cluster 16,54.0,,82.0,86.0,35.0,56.0,62.0,22.0,34.0,15.0,81.0,73.0,87.0,83.0,57.0,16.0,50.0,37.0,41.0,49.0,91.0,Diploma
CAR00767,Social Worker Specialist 767,Aviation,Track 7,Cluster 17,32.0,73.0,43.0,54.0,16.0,89.0,63.0,54.0,52.0,73.0,57.0,26.0,38.0,61.0,85.0,91.0,35.0,91.0,36.0,38.0,60.0,Secondary
CAR00768,Civil Services Officer Specialist 768,Marine,Track 8,Cluster 18,55.0,70.0,64.0,84.0,19.0,81.0,17.0,84.0,67.0,24.0,53.0,70.0,64.0,51.0,66.0,78.0,71.0,89.0,69.0,35.0,28.0,Secondary
CAR00769,Policy Analyst Specialist 769,Business,Track 9,Cluster 19,82.0,30.0,44.0,79.0,46.0,41.0,30.0,50.0,40.0,90.0,84.0,85.0,78.0,30.0,49.0,55.0,77.0,75.0,68.0,86.0,29.0,Undergraduate
CAR00770,Defence Officer Specialist 770,Finance,Track 10,Cluster 20,89.0,50.0,35.0,79.0,62.0,94.0,75.0,64.0,45.0,87.0,17.0,94.0,39.0,55.0,64.0,39.0,24.0,36.0,89.0,42.0,58.0,Professional Degree
CAR00771,Journalist Specialist 771,Law,Track 1,Cluster 21,38.0,40.0,64.0,83.0,21.0,45.0,67.0,87.0,45.0,71.0,93.0,78.0,76.0,91.0,40.0,80.0,54.0,60.0,64.0,81.0,64.0,Professional Degree
CAR00772,Public Relations Specialist Specialist 772,Education,Track 2,Cluster 22,90.0,57.0,60.0,23.0,95.0,50.0,49.0,25.0,48.0,43.0,29.0,84.0,64.0,51.0,52.0,21.0,47.0,50.0,16.0,48.0,57.0,Postgraduate
CAR00773,Content Creator Specialist 773,Psychology & Social Services,Track 3,Cluster 23,34.0,82.0,33.0,49.0,95.0,63.0,33.0,45.0,24.0,75.0,23.0,79.0,54.0,73.0,35.0,85.0,64.0,43.0,65.0,23.0,91.0,Higher Secondary
CAR00774,Graphic Designer Specialist 774,Government & Public Service,Track 4,Cluster 24,47.0,74.0,16.0,75.0,64.0,52.0,59.0,62.0,16.0,85.0,60.0,30.0,56.0,77.0,85.0,67.0,25.0,93.0,80.0,63.0,15.0,Undergraduate
CAR00775,UI UX Designer Specialist 775,Defence & Security,Track 5,Cluster 25,30.0,88.0,41.0,68.0,37.0,74.0,71.0,35.0,86.0,51.0,18.0,15.0,59.0,94.0,36.0,23.0,83.0,31.0,84.0,72.0,88.0,Postgraduate
CAR00776, Product Designer Specialist 776 ,Media & Communication,Track 6,Cluster 26,48.0,27.0,44.0,75.0,47.0,63.0,46.0,37.0,46.0,87.0,75.0,44.0,65.0,60.0,64.0,24.0,36.0,81.0,68.0,94.0,61.0,Undergraduate
CAR00777,Fashion Designer Specialist 777,Arts & Design,Track 7,Cluster 27,90.0,88.0,71.0,77.0,74.0,55.0,26.0,18.0,61.0,84.0,80.0,84.0,68.0,69.0,60.0,37.0,95.0,67.0,38.0,69.0,95.0,Postgraduate
CAR00778,Illustrator Specialist 778,Fashion,Track 8,Cluster 28,77.0,41.0,77.0,83.0,51.0,40.0,40.0,29.0,38.0,48.0,58.0,34.0,84.0,25.0,30.0,23.0,82.0,16.0,54.0,39.0,51.0,Secondary
CAR00779,Animator Specialist 779,Hospitality & Tourism,Track 9,Cluster 29,87.0,19.0,83.0,88.0,28.0,87.0,16.0,78.0,85.0,42.0,93.0,82.0,93.0,68.0,35.0,26.0,42.0,15.0,15.0,72.0,53.0,Secondary
CAR00780,Chef Specialist 780,Sports,Track 10,Cluster 30,74.0,25.0,78.0,82.0,62.0,17.0,53.0,38.0,47.0,69.0,22.0,59.0,61.0,75.0,27.0,18.0,56.0,67.0,95.0,63.0,83.0,Higher Secondary
CAR00781,Hotel Manager Specialist 781,Logistics & Supply Chain,Track 1,Cluster 1,88.0,,29.0,66.0,36.0,44.0,26.0,26.0,64.0,24.0,68.0,71.0,64.0,76.0,54.0,50.0,51.0,78.0,87.0,59.0,55.0,Postgraduate
CAR00782,Travel Consultant Specialist 782,Skilled Trades,Track 2,Cluster 2,44.0,88.0,26.0,37.0,48.0,66.0,27.0,47.0,63.0,22.0,74.0,90.0,50.0,27.0,28.0,74.0,70.0,18.0,59.0,92.0,,Secondary
CAR00783,Sports Coach Specialist 783,Research,Track 3,Cluster 3,52.0,19.0,,17.0,65.0,46.0,89.0,67.0,69.0,76.0,58.0,52.0,35.0,23.0,56.0,37.0,45.0,62.0,88.0,35.0,77.0,Secondary
CAR00784,Sports Scientist Specialist 784,Technology,Track 4,Cluster 4,53.0,50.0,47.0,88.0,30.0,69.0,80.0,57.0,37.0,27.0,75.0,47.0,20.0,65.0,74.0,56.0,50.0,42.0,87.0,41.0,53.0,Higher Secondary
CAR00785,Supply Chain Analyst Specialist 785,Engineering,Track 5,Cluster 5,62.0,65.0,78.0,36.0,28.0,44.0,67.0,28.0,79.0,63.0,78.0,31.0,52.0,62.0,74.0,23.0,68.0,63.0,76.0,56.0,60.0,Postgraduate
CAR00786,Logistics Manager Specialist 786,Healthcare,Track 6,Cluster 6,54.0,30.0,22.0,92.0,93.0,94.0,20.0,32.0,39.0,67.0,76.0,72.0,84.0,57.0,86.0,24.0,23.0,43.0,70.0,40.0,25.0,Postgraduate
CAR00787,Electrician Specialist 787,Life Sciences,Track 7,Cluster 7,72.0,16.0,41.0,33.0,30.0,59.0,24.0,70.0,39.0,16.0,25.0,47.0,95.0,61.0,91.0,51.0,57.0,74.0,53.0,83.0,32.0,Postgraduate
CAR00788,Welder Specialist 788,Agriculture,Track 8,Cluster 8,94.0,42.0,37.0,37.0,61.0,71.0,39.0,48.0,41.0,89.0,83.0,30.0,24.0,91.0,25.0,55.0,50.0,31.0,40.0,40.0,17.0,Diploma
CAR00789,Technician Specialist 789,Environment,Track 9,Cluster 9,75.0,81.0,47.0,54.0,44.0,28.0,18.0,82.0,62.0,81.0,32.0,15.0,95.0,28.0,79.0,58.0,20.0,19.0,42.0,95.0,79.0,Undergraduate
CAR00790,Research Scientist Specialist 790,Architecture & Construction,Track 10,Cluster 10,88.0,28.0,75.0,29.0,45.0,16.0,69.0,60.0,46.0,57.0,59.0,21.0,91.0,61.0,54.0,81.0,69.0,53.0,64.0,86.0,67.0,Postgraduate
CAR00791,Software Developer Specialist 791,Manufacturing,Track 1,Cluster 11,45.0,80.0,60.0,74.0,38.0,58.0,24.0,77.0,48.0,25.0,48.0,70.0,62.0,57.0,47.0,64.0,41.0,69.0,87.0,59.0,46.0,Higher Secondary
CAR00792,Data Scientist Specialist 792,Energy,Track 2,Cluster 12,94.0,73.0,83.0,71.0,63.0,81.0,88.0,84.0,52.0,16.0,81.0,63.0,85.0,31.0,37.0,40.0,19.0,69.0,23.0,52.0,71.0,Professional Degree
CAR00793,AI Engineer Specialist 793,Transportation,Track 3, Cluster 13 ,52.0,85.0,65.0,92.0,89.0,83.0,86.0,85.0,56.0,45.0,38.0,17.0,81.0,85.0,32.0,72.0,40.0,30.0,65.0,35.0,38.0,Higher Secondary
CAR00794,Machine Learning Engineer Specialist 794,Aviation,Track 4,Cluster 14,88.0,78.0,,48.0,51.0,62.0,77.0,20.0,21.0,15.0,19.0,82.0,64.0,25.0,17.0,64.0,62.0,46.0,57.0,66.0,83.0,Undergraduate
CAR00795,Cybersecurity Analyst Specialist 795,Marine,Track 5,Cluster 15,49.0,73.0,18.0,55.0,33.0,67.0,64.0,31.0,26.0,41.0,52.0,,95.0,70.0,24.0,85.0,80.0,57.0,65.0,51.0,72.0,Secondary
CAR00796,Cloud Engineer Specialist 796,Business, Track 6 ,Cluster 16,31.0,38.0,22.0,19.0,71.0,91.0,67.0,70.0,91.0,84.0,19.0,29.0,68.0,22.0,48.0,27.0,88.0,54.0,88.0,84.0,41.0,Postgraduate
CAR00797,Database Administrator Specialist 797,Finance,Track 7,Cluster 17,51.0,61.0,54.0,68.0,16.0,47.0,72.0,60.0,63.0,93.0,88.0,44.0,68.0,18.0,87.0,70.0,41.0,50.0,41.0,59.0,74.0,Diploma
CAR00798,Web Developer Specialist 798,Law,Track 8,Cluster 18,69.0,76.0,60.0,29.0,92.0,82.0,32.0,84.0,88.0,43.0,36.0,58.0,67.0,40.0,90.0,20.0,46.0,59.0,55.0,83.0,56.0,Professional Degree
CAR00799,Mobile App Developer Specialist 799,Education,Track 9,Cluster 19,94.0,,77.0,23.0,73.0,50.0,68.0,45.0,22.0,38.0,55.0,20.0,79.0,52.0,65.0,43.0,93.0,73.0,87.0,94.0,64.0,Higher Secondary
CAR00800,Network Engineer Specialist 800,Psychology & Social Services,Track 10, Cluster 20 ,62.0,60.0,63.0,60.0,35.0,46.0,50.0,69.0,43.0,90.0,27.0,43.0,23.0,88.0,57.0,55.0,60.0,65.0,59.0,24.0,95.0,Postgraduate
CAR00801,Data Analyst Specialist 801,Government & Public Service,Track 1,Cluster 21,31.0,27.0,86.0,51.0,42.0,,78.0,94.0,53.0,71.0,60.0,21.0,86.0,60.0,88.0,43.0,63.0,68.0,40.0,67.0,84.0,Diploma
CAR00802,Business Analyst Specialist 802,Defence & Security,Track 2 ,Cluster 22,63.0,24.0,36.0,93.0,74.0,54.0,56.0,71.0,41.0,54.0,87.0,75.0,57.0,93.0,77.0,33.0,40.0,20.0,22.0,24.0,65.0,Undergraduate
CAR00803,Civil Engineer Specialist 803, Media & Communication ,Track 3,Cluster 23,86.0,20.0,71.0,69.0,94.0,64.0,40.0,55.0,79.0,92.0,30.0,24.0,24.0,85.0,16.0,52.0,95.0,79.0,21.0,84.0,94.0,Postgraduate
CAR00804,Mechanical Engineer Specialist 804,Arts & Design,Track 4,Cluster 24,63.0,57.0,77.0,70.0,,61.0,53.0,93.0,60.0,42.0,78.0,76.0,28.0,40.0,31.0,26.0,79.0,82.0,83.0,37.0,93.0,Higher Secondary
CAR00805,Electrical Engineer Specialist 805,Fashion,Track 5,Cluster 25,52.0,79.0,29.0,49.0,60.0,80.0,73.0,20.0,73.0,35.0,90.0,53.0,73.0,79.0,46.0,36.0,46.0,61.0,62.0,47.0,65.0,Undergraduate
CAR00806,Electronics Engineer Specialist 806,Hospitality & Tourism,Track 6,Cluster 26,45.0,89.0,36.0,33.0,54.0,38.0,71.0,23.0,28.0,30.0,68.0,84.0,61.0,16.0,70.0,84.0,83.0,39.0,89.0,52.0,48.0,Professional Degree
CAR00807,Chemical Engineer Specialist 807,Sports,Track 7,Cluster 27,69.0,79.0,78.0,90.0,22.0,21.0,27.0,61.0,22.0,58.0,65.0,18.0,57.0,88.0,42.0,48.0,39.0,74.0,71.0,90.0,49.0,Professional Degree
CAR00808,Biomedical Engineer Specialist 808,Logistics & Supply Chain,Track 8,Cluster 28,19.0,24.0,89.0,81.0,46.0,34.0,26.0,75.0,77.0,60.0,73.0,71.0,43.0,89.0,45.0,69.0,58.0,22.0,15.0,84.0,93.0,Professional Degree
CAR00809,Environmental Engineer Specialist 809,Skilled Trades,Track 9,Cluster 29,59.0,37.0,81.0,25.0,71.0,,51.0,87.0,61.0,52.0,67.0,77.0,61.0,85.0,31.0,84.0,56.0,57.0,73.0,44.0,40.0,Diploma
CAR00810,Architect Specialist 810,Research, Track 10 ,Cluster 30,20.0,77.0,68.0,92.0,73.0,32.0,69.0,56.0,39.0,41.0,87.0,44.0,95.0,30.0,22.0,32.0,91.0,17.0,59.0,94.0,84.0,Postgraduate
CAR00811,Urban Planner Specialist 811,Technology,Track 1,Cluster 1,36.0,80.0,86.0,16.0,56.0,88.0,38.0,16.0,27.0,69.0,57.0,34.0,51.0,16.0,28.0,35.0,48.0,16.0,42.0,58.0,59.0,Higher Secondary
CAR00812,Doctor Specialist 812,Engineering,Track 2,Cluster 2,71.0,20.0,74.0,92.0,32.0,60.0,50.0,55.0,65.0,39.0,91.0,58.0,19.0,45.0,60.0,90.0,52.0,52.0,48.0,48.0,58.0,Professional Degree
CAR00813,Nurse Specialist 813,Healthcare,Track 3,Cluster 3,26.0,23.0,47.0,81.0,22.0,36.0,58.0,26.0,77.0,63.0,40.0,63.0,20.0,54.0,55.0,53.0,71.0,82.0,59.0,21.0,84.0,Professional Degree
CAR00814,Physiotherapist Specialist 814,Life Sciences,Track 4,Cluster 4,80.0,74.0,57.0,22.0,20.0,68.0,23.0,52.0,91.0,18.0,78.0,34.0,67.0,72.0,88.0,86.0,31.0,58.0,79.0,37.0,82.0,Higher Secondary
CAR00815,Pharmacist Specialist 815,Agriculture,Track 5,Cluster 5,79.0,87.0,16.0,83.0,89.0,61.0,72.0,58.0,25.0,27.0,36.0,24.0,64.0,74.0,37.0,87.0,61.0,93.0,56.0,82.0,35.0,Professional Degree
CAR00816,Dentist Specialist 816,Environment,Track 6,Cluster 6,65.0,69.0,78.0,80.0,37.0,89.0,67.0,76.0,54.0,20.0,80.0,89.0,80.0,94.0,40.0,47.0,87.0,19.0,17.0,66.0,88.0,Diploma
CAR00817,Medical Laboratory Scientist Specialist 817, Architecture & Construction ,Track 7,Cluster 7,94.0,17.0,73.0,56.0,29.0,63.0,58.0,70.0,66.0,93.0,37.0,78.0,90.0,39.0,80.0,15.0,36.0,36.0,19.0,32.0,30.0,Diploma
CAR00818,Microbiologist Specialist 818,Manufacturing,Track 8,Cluster 8,65.0,49.0,43.0,61.0,56.0,23.0,16.0,53.0,57.0,34.0,71.0,18.0,84.0,47.0,43.0,80.0,84.0,36.0,89.0,48.0,74.0,Secondary
CAR00819,Biotechnologist Specialist 819,Energy,Track 9,Cluster 9,,40.0,54.0,56.0,56.0,56.0,75.0,68.0,84.0,50.0,23.0,90.0,23.0,91.0,70.0,42.0,65.0,16.0,86.0,91.0,60.0,Higher Secondary
CAR00820,Geneticist Specialist 820,Transportation,Track 10,Cluster 10,67.0,35.0,82.0,53.0,57.0,84.0,38.0,75.0,70.0,26.0,91.0,57.0,38.0,41.0,73.0,36.0,51.0,76.0,33.0,69.0,38.0,Secondary
CAR00821,Agricultural Scientist Specialist 821,Aviation,Track 1,Cluster 11,67.0,59.0,53.0,15.0,48.0,20.0,80.0,77.0,25.0,43.0,18.0,36.0,27.0,34.0,67.0,62.0,45.0,90.0,80.0,68.0,67.0,Secondary
CAR00822,Agronomist Specialist 822,Marine,Track 2,Cluster 12,21.0,51.0,57.0,67.0,43.0,45.0,91.0,89.0,74.0,36.0,64.0,92.0,59.0,56.0,81.0,21.0,41.0,58.0,32.0,68.0,83.0,Postgraduate
CAR00823,Forestry Specialist Specialist 823,Business,Track 3,Cluster 13,31.0,86.0,43.0,18.0,25.0,87.0,23.0,22.0,60.0,37.0,73.0,22.0,60.0,78.0,41.0,49.0,88.0,38.0,64.0,75.0,36.0,Undergraduate
CAR00824,Environmental Scientist Specialist 824,Finance,Track 4,Cluster 14,95.0,59.0,78.0,77.0,25.0,85.0,91.0,67.0,40.0,76.0,94.0,31.0,78.0,90.0,75.0,51.0,56.0,31.0,27.0,52.0,28.0,Secondary
CAR00825,Renewable Energy Engineer Specialist 825,Law,Track 5,Cluster 15,89.0,61.0,23.0,59.0,43.0,52.0,32.0,95.0,73.0,41.0,88.0,93.0,26.0,76.0,30.0,36.0,93.0,21.0,83.0,65.0,15.0,Postgraduate
CAR00826,Energy Analyst Specialist 826,Education,Track 6,Cluster 16,65.0,76.0,21.0,90.0,95.0,52.0,26.0,46.0,20.0,46.0,25.0,90.0,26.0,20.0,38.0,53.0,67.0,48.0,82.0,75.0,33.0,Undergraduate
CAR00827,Automotive Engineer Specialist 827,Psychology & Social Services,Track 7,Cluster 17,56.0,20.0,65.0,68.0,20.0,52.0,72.0,48.0,20.0,76.0,67.0,83.0,28.0,67.0,94.0,54.0,68.0,51.0,75.0,,19.0,Diploma
CAR00828,Aviation Engineer Specialist 828,Government & Public Service,Track 8,Cluster 18,18.0,77.0,80.0,50.0,79.0,74.0,74.0,90.0,53.0,51.0,60.0,34.0,25.0,75.0,56.0,78.0,84.0,51.0,62.0,20.0,18.0,Diploma
CAR00829,Pilot Specialist 829,Defence & Security,Track 9,Cluster 19,57.0,91.0,36.0,82.0,62.0,39.0,22.0,39.0,55.0,94.0,49.0,49.0,67.0,61.0,19.0,93.0,20.0,,46.0,77.0,44.0,Higher Secondary
CAR00830, Marine Engineer Specialist 830 ,Media & Communication,Track 10,Cluster 20,19.0,42.0,79.0,44.0,52.0,46.0,51.0,18.0,87.0,63.0,93.0,56.0,55.0,45.0,73.0,37.0,24.0,44.0,53.0,93.0,90.0,Secondary
CAR00831,Oceanographer Specialist 831,Arts & Design,Track 1,Cluster 21,35.0,54.0,83.0,90.0,22.0,40.0,19.0,81.0,67.0,79.0,48.0,68.0,95.0,16.0,25.0,50.0,38.0,71.0,84.0,80.0,54.0,Diploma
CAR00832,Accountant Specialist 832,Fashion,Track 2,Cluster 22,76.0,40.0,51.0,46.0,31.0,55.0,76.0,76.0,69.0,18.0,,63.0,63.0,89.0,23.0,54.0,60.0,88.0,48.0,94.0,73.0,Diploma
CAR00833,Financial Analyst Specialist 833,Hospitality & Tourism,Track 3,Cluster 23,55.0,89.0,36.0,38.0,67.0,24.0,86.0,52.0,89.0,37.0,50.0,70.0,91.0,70.0,69.0,93.0,32.0,36.0,86.0,29.0,31.0,Undergraduate
CAR00834,Auditor Specialist 834,Sports,Track 4,Cluster 24,85.0,28.0,24.0,38.0,33.0,91.0,48.0,80.0,50.0,83.0,81.0,59.0,31.0,71.0,84.0,28.0,20.0,71.0,72.0,28.0,49.0,Diploma
CAR00835,Investment Analyst Specialist 835,Logistics & Supply Chain,Track 5,Cluster 25,27.0,36.0,63.0,82.0,43.0,50.0,19.0,92.0,67.0,17.0,43.0,49.0,16.0,56.0,15.0,90.0,88.0,30.0,56.0,92.0,61.0,Diploma
CAR00836,Economist Specialist 836,Skilled Trades,Track 6,Cluster 26,71.0,37.0,46.0,29.0,82.0,66.0,60.0,54.0,66.0,89.0,60.0,32.0,21.0,48.0,37.0,24.0,87.0,55.0,61.0,15.0,49.0,Higher Secondary
CAR00837,Entrepreneur Specialist 837,Research,Track 7,Cluster 27,23.0,41.0,62.0,50.0,88.0,35.0,24.0,69.0,23.0,34.0,35.0,76.0,57.0,45.0,19.0,53.0,94.0,59.0,51.0,44.0,43.0,Professional Degree
CAR00838,Marketing Specialist Specialist 838,Technology,Track 8,Cluster 28,29.0,79.0,83.0,36.0,55.0,60.0,53.0,47.0,46.0,37.0,91.0,58.0,58.0,42.0,76.0,75.0,28.0,18.0,56.0,55.0,17.0,Postgraduate
CAR00839,Human Resources Specialist Specialist 839,Engineering,Track 9,Cluster 29,67.0,54.0,84.0,79.0,69.0,70.0,92.0,29.0,78.0,42.0,43.0,24.0,26.0,71.0,32.0,84.0,85.0,48.0,52.0,80.0,46.0,Higher Secondary
CAR00840,Lawyer Specialist 840,Healthcare,Track 10,Cluster 30,36.0,72.0,77.0,83.0,71.0,87.0,89.0,95.0,16.0,25.0,32.0,91.0,77.0,49.0,65.0,43.0,70.0,68.0,71.0,40.0,42.0,Professional Degree
CAR00841,Legal Advisor Specialist 841,Life Sciences,Track 1,Cluster 1,21.0,21.0,29.0,33.0,72.0,61.0,32.0,74.0,75.0,57.0,89.0,95.0,61.0,70.0,80.0,73.0,79.0,50.0,90.0,35.0,63.0,Secondary
CAR00842,Teacher Specialist 842,Agriculture,Track 2,Cluster 2,79.0,,91.0,30.0,92.0,85.0,88.0,85.0,68.0,94.0,54.0,58.0,91.0,60.0,19.0,89.0,33.0,43.0,86.0,33.0,48.0,Undergraduate
CAR00843,Education Consultant Specialist 843,Environment,Track 3,Cluster 3,15.0,56.0,41.0,39.0,36.0,93.0,25.0,78.0,87.0,54.0,22.0,34.0,38.0,53.0,85.0,36.0,38.0,63.0,31.0,73.0,17.0,Diploma
CAR00844,Psychologist Specialist 844,Architecture & Construction,Track 4,Cluster 4,22.0,15.0,71.0,83.0,29.0,82.0,84.0,51.0,46.0,86.0,21.0,19.0,24.0,26.0,49.0,61.0,89.0,30.0,79.0,22.0,44.0,Secondary
CAR00845,Counsellor Specialist 845,Manufacturing, Track 5 ,Cluster 5,19.0,91.0,87.0,60.0,77.0,22.0,57.0,57.0,71.0,42.0,73.0,63.0,40.0,20.0,68.0,25.0,72.0,77.0,71.0,73.0,15.0,Higher Secondary
CAR00846,Social Worker Specialist 846,Energy,Track 6,Cluster 6,22.0,41.0,,52.0,45.0,18.0,26.0,67.0,24.0,18.0,19.0,25.0,24.0,43.0,43.0,24.0,17.0,52.0,81.0,47.0,94.0,Diploma
CAR00847,Civil Services Officer Specialist 847,Transportation,Track 7,Cluster 7,78.0,46.0,88.0,,24.0,90.0,70.0,71.0,69.0,22.0,44.0,95.0,91.0,33.0,27.0,44.0,86.0,57.0,43.0,57.0,48.0,Undergraduate
CAR00848,Policy Analyst Specialist 848,Aviation,Track 8,Cluster 8,36.0,26.0,55.0,60.0,69.0,25.0,15.0,75.0,81.0,70.0,15.0,28.0,88.0,21.0,23.0,42.0,89.0,35.0,37.0,71.0,32.0,Secondary
CAR00849,Defence Officer Specialist 849,Marine,Track 9,Cluster 9,66.0,70.0,55.0,43.0,94.0,65.0,88.0,54.0,74.0,86.0,61.0,35.0,61.0,82.0,39.0,55.0,46.0,29.0,20.0,73.0,48.0,Higher Secondary
CAR00850,Journalist Specialist 850,Business,Track 10,Cluster 10,52.0,,85.0,18.0,52.0,75.0,39.0,72.0,87.0,57.0,59.0,68.0,87.0,51.0,41.0,47.0,91.0,21.0,70.0,30.0,20.0,Higher Secondary
CAR00851,Public Relations Specialist Specialist 851,Finance,Track 1,Cluster 11,57.0,58.0,27.0,56.0,77.0,95.0,90.0,40.0,45.0,90.0,48.0,55.0,56.0,84.0,61.0,48.0,17.0,94.0,75.0,58.0,22.0,Diploma
CAR00852,Content Creator Specialist 852,Law,Track 2,Cluster 12,42.0,48.0,32.0,55.0,38.0,36.0,38.0,79.0,56.0,36.0,37.0,20.0,72.0,41.0,27.0,20.0,66.0,37.0,74.0,91.0,95.0,Undergraduate
CAR00853,Graphic Designer Specialist 853,Education,Track 3,Cluster 13,95.0,68.0,51.0,45.0,57.0,88.0,57.0,57.0,55.0,49.0,88.0,38.0,76.0,27.0,15.0,,75.0,90.0,57.0,65.0,33.0,Diploma
CAR00854,UI UX Designer Specialist 854,Psychology & Social Services,Track 4,Cluster 14,94.0,23.0,80.0,68.0,28.0,45.0,52.0,66.0,30.0,74.0,60.0,60.0,53.0,16.0,90.0,95.0,34.0,65.0,78.0,66.0,50.0,Higher Secondary
CAR00855,Product Designer Specialist 855,Government & Public Service,Track 5,Cluster 15,87.0,92.0,95.0,31.0,43.0,40.0,92.0,21.0,40.0,95.0,82.0,56.0,49.0,64.0,58.0,81.0,44.0,33.0,57.0,19.0,65.0,Secondary
CAR00856,Fashion Designer Specialist 856,Defence & Security,Track 6,Cluster 16,83.0,67.0,40.0,20.0,27.0,81.0,95.0,85.0,49.0,80.0,23.0,48.0,24.0,74.0,76.0,27.0,48.0,43.0,39.0,83.0,86.0,Higher Secondary
CAR00857,Illustrator Specialist 857,Media & Communication,Track 7,Cluster 17,76.0,,55.0,36.0,70.0,78.0,60.0,33.0,73.0,17.0,25.0,82.0,21.0,82.0,44.0,89.0,67.0,70.0,53.0,47.0,24.0,Secondary
CAR00858,Animator Specialist 858,Arts & Design,Track 8,Cluster 18,46.0,83.0,47.0,86.0,58.0,89.0,40.0,46.0,67.0,73.0,78.0,52.0,41.0,74.0,93.0,52.0,82.0,71.0,26.0,68.0,69.0,Secondary
CAR00859, Chef Specialist 859 ,Fashion,Track 9,Cluster 19,87.0,55.0,77.0,63.0,27.0,29.0,29.0,30.0,40.0,53.0,92.0,76.0,33.0,95.0,92.0,76.0,46.0,65.0,49.0,33.0,31.0,Diploma
CAR00860,Hotel Manager Specialist 860,Hospitality & Tourism,Track 10,Cluster 20,51.0,23.0,28.0,46.0,26.0,51.0,81.0,65.0,85.0,57.0,27.0,78.0,44.0,91.0,73.0,15.0,16.0,73.0,82.0,62.0,77.0,Secondary
CAR00861,Travel Consultant Specialist 861,Sports,Track 1,Cluster 21,84.0,48.0,,66.0,58.0,29.0,30.0,23.0,89.0,42.0,34.0,56.0,19.0,31.0,88.0,74.0,46.0,94.0,41.0,23.0,34.0,Diploma
CAR00862,Sports Coach Specialist 862,Logistics & Supply Chain,Track 2,Cluster 22,30.0,92.0,64.0,25.0,44.0,84.0,39.0,73.0,38.0,40.0,75.0,65.0,92.0,41.0,79.0,19.0,57.0,38.0,66.0,43.0,94.0,Secondary
CAR00863,Sports Scientist Specialist 863,Skilled Trades,Track 3,Cluster 23,29.0,40.0,35.0,93.0,19.0,81.0,34.0,53.0,91.0,76.0,,28.0,46.0,33.0,53.0,85.0,44.0,33.0,91.0,89.0,31.0,Secondary
CAR00864,Supply Chain Analyst Specialist 864,Research,Track 4,Cluster 24,21.0,72.0,95.0,39.0,87.0,82.0,57.0,58.0,52.0,83.0,35.0,46.0,20.0,68.0,39.0,60.0,53.0,94.0,49.0,17.0,66.0,Undergraduate
CAR00865,Logistics Manager Specialist 865,Technology,Track 5,Cluster 25,87.0,17.0,40.0,64.0,77.0,49.0,80.0,49.0,91.0,43.0,52.0,24.0,36.0,37.0,61.0,17.0,15.0,59.0,44.0,58.0,49.0,Secondary
CAR00866,Electrician Specialist 866,Engineering,Track 6,Cluster 26,37.0,89.0,57.0,37.0,83.0,,53.0,22.0,49.0,21.0,25.0,19.0,42.0,37.0,48.0,74.0,30.0,89.0,29.0,66.0,44.0,Secondary
CAR00867,Welder Specialist 867,Healthcare,Track 7,Cluster 27,56.0,68.0,86.0,33.0,30.0,38.0,39.0,78.0,28.0,57.0,37.0,88.0,34.0,44.0,67.0,42.0,60.0,16.0,37.0,64.0,47.0,Secondary
CAR00868,Technician Specialist 868,Life Sciences,Track 8,Cluster 28,33.0,29.0,69.0,17.0,88.0,43.0,20.0,22.0,71.0,95.0,52.0,85.0,43.0,35.0,74.0,46.0,38.0,42.0,76.0,32.0,90.0,Professional Degree
CAR00869,Research Scientist Specialist 869,Agriculture,Track 9,Cluster 29,54.0,66.0,69.0,57.0,36.0,43.0,71.0,44.0,19.0,61.0,30.0,28.0,62.0,41.0,37.0,18.0,73.0,50.0,71.0,72.0,95.0,Professional Degree
CAR00870,Software Developer Specialist 870,Environment,Track 10,Cluster 30,15.0,22.0,49.0,38.0,62.0,80.0,22.0,72.0,51.0,54.0,23.0,78.0,29.0,86.0,72.0,80.0,18.0,82.0,37.0,87.0,50.0,Diploma
CAR00871,Data Scientist Specialist 871,Architecture & Construction,Track 1,Cluster 1,42.0,86.0,42.0,20.0,60.0,82.0,69.0,62.0,26.0,70.0,52.0,65.0,25.0,25.0,37.0,61.0,77.0,29.0,32.0,30.0,71.0,Secondary
CAR00872,AI Engineer Specialist 872,Manufacturing,Track 2,Cluster 2,35.0,23.0,54.0,55.0,15.0,74.0,66.0,67.0,82.0,32.0,88.0,71.0,53.0,28.0,52.0,44.0,68.0,51.0,86.0,58.0,36.0,Higher Secondary
CAR00873,Machine Learning Engineer Specialist 873,Energy,Track 3,Cluster 3,29.0,23.0,30.0,73.0,86.0,26.0,73.0,26.0,84.0,37.0,18.0,75.0,75.0,85.0,75.0,72.0,76.0,49.0,53.0,60.0,29.0,Postgraduate
CAR00874,Cybersecurity Analyst Specialist 874,Transportation,Track 4,Cluster 4,80.0,90.0,91.0,87.0,77.0,86.0,34.0,63.0,76.0,53.0,31.0,22.0,66.0,76.0,62.0,41.0,61.0,78.0,76.0,84.0,92.0,Undergraduate
CAR00875,Cloud Engineer Specialist 875,Aviation,Track 5,Cluster 5,53.0,78.0,20.0,33.0,81.0,83.0,56.0,50.0,37.0,51.0,29.0,50.0,27.0,84.0,33.0,59.0,28.0,29.0,27.0,81.0,44.0,Higher Secondary
CAR00876,Database Administrator Specialist 876,Marine,Track 6,Cluster 6,79.0,70.0,93.0,21.0,31.0,77.0,24.0,58.0,44.0,26.0,56.0,21.0,83.0,91.0,61.0,65.0,92.0,44.0,56.0,20.0,84.0,Higher Secondary
CAR00877,Web Developer Specialist 877,Business,Track 7,Cluster 7,70.0,17.0,46.0,81.0,60.0,79.0,69.0,67.0,58.0,42.0,74.0,84.0,40.0,18.0,37.0,95.0,36.0,43.0,58.0,41.0,79.0,Secondary
CAR00878,Mobile App Developer Specialist 878,Finance,Track 8,Cluster 8,20.0,77.0,87.0,69.0,85.0,91.0,88.0,64.0,32.0,50.0,51.0,63.0,48.0,87.0,48.0,60.0,46.0,48.0,42.0,22.0,76.0,Diploma
CAR00879,Network Engineer Specialist 879,Law,Track 9,Cluster 9,68.0,29.0,73.0,73.0,86.0,95.0,45.0,83.0,61.0,27.0,91.0,72.0,44.0,22.0,49.0,61.0,39.0,63.0,69.0,40.0,89.0,Diploma
CAR00880, Data Analyst Specialist 880 ,Education,Track 10,Cluster 10,67.0,60.0,77.0,74.0,64.0,,89.0,25.0,57.0,20.0,55.0,31.0,49.0,91.0,16.0,44.0,,78.0,80.0,94.0,61.0,Higher Secondary
CAR00881,Business Analyst Specialist 881,Psychology & Social Services,Track 1,Cluster 11,73.0,33.0,27.0,83.0,75.0,33.0,57.0,15.0,45.0,68.0,27.0,70.0,35.0,86.0,91.0,79.0,82.0,72.0,33.0,45.0,59.0,Undergraduate
CAR00882,Civil Engineer Specialist 882,Government & Public Service,Track 2,Cluster 12,51.0,60.0,57.0,20.0,57.0,43.0,92.0,63.0,75.0,77.0,66.0,75.0,90.0,81.0,41.0,83.0,90.0,95.0,80.0,45.0,91.0,Professional Degree
CAR00883,Mechanical Engineer Specialist 883,Defence & Security,Track 3,Cluster 13,86.0,,76.0,74.0,60.0,90.0,94.0,23.0,70.0,24.0,15.0,82.0,62.0,39.0,27.0,42.0,91.0,55.0,95.0,27.0,69.0,Undergraduate
CAR00884,Electrical Engineer Specialist 884,Media & Communication,Track 4,Cluster 14,77.0,52.0,67.0,94.0,50.0,54.0,39.0,62.0,,75.0,26.0,89.0,50.0,46.0,68.0,21.0,50.0,76.0,,31.0,77.0,Diploma
CAR00885,Electronics Engineer Specialist 885,Arts & Design,Track 5,Cluster 15,64.0,59.0,26.0,23.0,57.0,25.0,58.0,44.0,69.0,41.0,23.0,23.0,85.0,29.0,91.0,59.0,19.0,38.0,70.0,,92.0,Higher Secondary
CAR00886,Chemical Engineer Specialist 886,Fashion,Track 6,Cluster 16,82.0,47.0,85.0,69.0,53.0,30.0,63.0,80.0,44.0,59.0,45.0,83.0,28.0,25.0,52.0,18.0,23.0,22.0,70.0,23.0,71.0,Diploma
CAR00887,Biomedical Engineer Specialist 887,Hospitality & Tourism,Track 7,Cluster 17,57.0,45.0,32.0,78.0,25.0,77.0,66.0,60.0,48.0,21.0,27.0,31.0,,68.0,72.0,52.0,71.0,90.0,29.0,45.0,20.0,Diploma
CAR00888,Environmental Engineer Specialist 888, Sports ,Track 8,Cluster 18,42.0,73.0,52.0,15.0,76.0,54.0,95.0,28.0,42.0,65.0,86.0,65.0,29.0,89.0,21.0,81.0,78.0,60.0,56.0,27.0,63.0,Secondary
CAR00889,Architect Specialist 889,Logistics & Supply Chain,Track 9,Cluster 19,21.0,74.0,77.0,74.0,49.0,26.0,59.0,90.0,69.0,41.0,58.0,87.0,62.0,37.0,24.0,42.0,63.0,85.0,87.0,23.0,30.0,Diploma
CAR00890,Urban Planner Specialist 890,Skilled Trades,Track 10,Cluster 20,20.0,53.0,84.0,79.0,32.0,16.0,67.0,69.0,83.0,35.0,87.0,58.0,24.0,23.0,32.0,56.0,34.0,51.0,79.0,84.0,35.0,Undergraduate
CAR00891,Doctor Specialist 891,Research,Track 1,Cluster 21,54.0,63.0,26.0,41.0,85.0,41.0,43.0,76.0,69.0,47.0,95.0,56.0,23.0,58.0,43.0,64.0,19.0,50.0,21.0,74.0,89.0,Higher Secondary
CAR00892,Nurse Specialist 892, Technology ,Track 2,Cluster 22,69.0,71.0,69.0,58.0,66.0,69.0,27.0,82.0,74.0,22.0,61.0,42.0,42.0,48.0,46.0,44.0,22.0,34.0,41.0,80.0,19.0,Diploma
CAR00893,Physiotherapist Specialist 893,Engineering,Track 3,Cluster 23,54.0,58.0,25.0,24.0,28.0,76.0,18.0,33.0,86.0,91.0,63.0,28.0,42.0,26.0,,62.0,69.0,33.0,92.0,73.0,54.0,Secondary
CAR00894,Pharmacist Specialist 894,Healthcare,Track 4,Cluster 24,73.0,45.0,35.0,91.0,43.0,26.0,37.0,23.0,44.0,36.0,76.0,84.0,79.0,23.0,52.0,61.0,62.0,80.0,75.0,17.0,20.0,Postgraduate
CAR00895,Dentist Specialist 895,Life Sciences,Track 5,Cluster 25,83.0,22.0,23.0,74.0,86.0,24.0,60.0,95.0,85.0,18.0,70.0,39.0,89.0,30.0,31.0,70.0,24.0,15.0,81.0,70.0,75.0,Postgraduate
CAR00896,Medical Laboratory Scientist Specialist 896,Agriculture,Track 6,Cluster 26,91.0,69.0,87.0,31.0,74.0,59.0,53.0,25.0,84.0,40.0,50.0,66.0,15.0,31.0,67.0,40.0,43.0,22.0,17.0,73.0,93.0,Postgraduate
CAR00897,Microbiologist Specialist 897,Environment,Track 7,Cluster 27,89.0,42.0,37.0,17.0,85.0,63.0,16.0,77.0,,88.0,16.0,17.0,94.0,36.0,30.0,62.0,23.0,26.0,48.0,68.0,50.0,Higher Secondary
CAR00898,Biotechnologist Specialist 898,Architecture & Construction,Track 8 ,Cluster 28,66.0,90.0,33.0,29.0,46.0,70.0,61.0,80.0,44.0,64.0,61.0,36.0,77.0,60.0,70.0,30.0,47.0,78.0,46.0,74.0,88.0,Postgraduate
CAR00899,Geneticist Specialist 899,Manufacturing,Track 9,Cluster 29,35.0,88.0,78.0,69.0,71.0,93.0,50.0,60.0,55.0,89.0,49.0,15.0,46.0,37.0,87.0,66.0,73.0,67.0,29.0,36.0,87.0,Postgraduate
CAR00900,Agricultural Scientist Specialist 900,Energy,Track 10,Cluster 30,34.0,81.0,15.0,36.0,24.0,76.0,43.0,55.0,75.0,29.0,54.0,61.0,68.0,35.0,16.0,57.0,63.0,40.0,19.0,20.0,45.0,Diploma
CAR00901,Agronomist Specialist 901,Transportation,Track 1,Cluster 1,81.0,46.0,40.0,73.0,48.0,95.0,35.0,43.0,21.0,52.0,16.0,24.0,43.0,39.0,90.0,35.0,46.0,35.0,81.0,70.0,50.0,Secondary
CAR00902,Forestry Specialist Specialist 902, Aviation ,Track 2,Cluster 2,48.0,92.0,39.0,23.0,47.0,94.0,89.0,73.0,38.0,89.0,63.0,38.0,65.0,83.0,37.0,89.0,18.0,19.0,79.0,49.0,64.0,Undergraduate
CAR00903,Environmental Scientist Specialist 903,Marine,Track 3,Cluster 3,21.0,59.0,29.0,31.0,19.0,63.0,73.0,,64.0,48.0,79.0,74.0,78.0,64.0,94.0,66.0,22.0,89.0,47.0,68.0,56.0,Secondary
CAR00904,Renewable Energy Engineer Specialist 904,Business,Track 4,Cluster 4,48.0,92.0,52.0,35.0,36.0,93.0,22.0,62.0,49.0,32.0,16.0,26.0,76.0,45.0,76.0,37.0,75.0,66.0,36.0,20.0,74.0,Undergraduate
CAR00905,Energy Analyst Specialist 905,Finance,Track 5,Cluster 5,85.0,41.0,94.0,83.0,32.0,30.0,70.0,37.0,51.0,65.0,26.0,22.0,65.0,,51.0,22.0,24.0,58.0,79.0,76.0,41.0,Secondary
CAR00906,Automotive Engineer Specialist 906,Law,Track 6,Cluster 6,67.0,71.0,30.0,69.0,86.0,36.0,90.0,40.0,46.0,48.0,89.0,24.0,59.0,82.0,56.0,66.0,84.0,90.0,28.0,62.0,26.0,Higher Secondary
CAR00907,Aviation Engineer Specialist 907,Education,Track 7,Cluster 7,44.0,49.0,91.0,85.0,36.0,70.0,77.0,38.0,17.0,18.0,83.0,56.0,94.0,24.0,92.0,55.0,45.0,82.0,85.0,16.0,50.0,Postgraduate
CAR00908,Pilot Specialist 908,Psychology & Social Services,Track 8,Cluster 8,22.0,91.0,87.0,80.0,35.0,81.0,18.0,39.0,88.0,73.0,75.0,71.0,64.0,30.0,82.0,34.0,65.0,40.0,90.0,58.0,52.0,Higher Secondary
CAR00909,Marine Engineer Specialist 909,Government & Public Service,Track 9,Cluster 9,47.0,48.0,62.0,94.0,42.0,71.0,15.0,50.0,93.0,67.0,57.0,16.0,46.0,41.0,90.0,52.0,19.0,27.0,45.0,38.0,51.0,Diploma
CAR00910,Oceanographer Specialist 910,Defence & Security,Track 10,Cluster 10,15.0,48.0,30.0,46.0,22.0,53.0,29.0,35.0,27.0,89.0,33.0,23.0,55.0,41.0,80.0,83.0,64.0,64.0,71.0,68.0,39.0,Secondary
CAR00911, Accountant Specialist 911 ,Media & Communication,Track 1,Cluster 11,24.0,34.0,57.0,37.0,54.0,88.0,48.0,71.0,78.0,21.0,85.0,91.0,93.0,88.0,53.0,84.0,82.0,91.0,66.0,65.0,41.0,Diploma
CAR00912,Financial Analyst Specialist 912,Arts & Design,Track 2,Cluster 12,87.0,79.0,92.0,93.0,81.0,40.0,42.0,23.0,80.0,66.0,67.0,62.0,37.0,85.0,89.0,23.0,65.0,37.0,84.0,35.0,28.0,Undergraduate
CAR00913,Auditor Specialist 913,Fashion,Track 3,Cluster 13,73.0,68.0,58.0,95.0,32.0,55.0,67.0,40.0,83.0,83.0,39.0,35.0,62.0,77.0,31.0,28.0,52.0,93.0,90.0,45.0,59.0,Diploma
CAR00914,Investment Analyst Specialist 914,Hospitality & Tourism,Track 4,Cluster 14,16.0,87.0,72.0,31.0,21.0,73.0,32.0,44.0,34.0,24.0,63.0,83.0,61.0,53.0,84.0,64.0,60.0,20.0,90.0,63.0,71.0,Higher Secondary
CAR00915,Economist Specialist 915,Sports,Track 5,Cluster 15,82.0,71.0,41.0,58.0,73.0,67.0,67.0,21.0,35.0,45.0,80.0,34.0,36.0,83.0,37.0,51.0,79.0,49.0,32.0,29.0,78.0,Diploma
CAR00916,Entrepreneur Specialist 916,Logistics & Supply Chain,Track 6,Cluster 16,70.0,29.0,17.0,59.0,85.0,34.0,52.0,53.0,68.0,26.0,39.0,79.0,75.0,,19.0,46.0,55.0,40.0,80.0,28.0,87.0,Professional Degree
CAR00917, Marketing Specialist Specialist 917 ,Skilled Trades,Track 7,Cluster 17,32.0,55.0,43.0,95.0,30.0,42.0,28.0,95.0,62.0,18.0,51.0,36.0,82.0,52.0,79.0,23.0,49.0,88.0,84.0,16.0,21.0,Professional Degree
CAR00918,Human Resources Specialist Specialist 918,Research,Track 8,Cluster 18,30.0,51.0,29.0,84.0,72.0,36.0,26.0,42.0,39.0,37.0,61.0,66.0,40.0,82.0,40.0,22.0,66.0,90.0,70.0,45.0,63.0,Higher Secondary
CAR00919,Lawyer Specialist 919,Technology,Track 9,Cluster 19,58.0,39.0,26.0,33.0,74.0,69.0,41.0,89.0,21.0,82.0,,71.0,90.0,48.0,53.0,58.0,32.0,91.0,62.0,43.0,22.0,Diploma
CAR00920,Legal Advisor Specialist 920,Engineering,Track 10,Cluster 20,66.0,75.0,72.0,91.0,75.0,27.0,84.0,52.0,68.0,53.0,72.0,72.0,38.0,19.0,74.0,28.0,17.0,49.0,83.0,51.0,62.0,Secondary
CAR00921,Teacher Specialist 921,Healthcare,Track 1,Cluster 21,41.0,84.0,15.0,30.0,74.0,59.0,17.0,80.0,38.0,31.0,82.0,59.0,64.0,79.0,40.0,59.0,45.0,15.0,54.0,95.0,55.0,Professional Degree
CAR00922,Education Consultant Specialist 922,Life Sciences,Track 2,Cluster 22,86.0,34.0,74.0,60.0,82.0,92.0,20.0,70.0,39.0,43.0,30.0,39.0,94.0,32.0,94.0,38.0,85.0,33.0,46.0,25.0,,Postgraduate
CAR00923,Psychologist Specialist 923, Agriculture ,Track 3,Cluster 23,84.0,57.0,72.0,27.0,33.0,41.0,71.0,17.0,45.0,31.0,75.0,56.0,28.0,34.0,29.0,77.0,21.0,71.0,82.0,36.0,52.0,Secondary
CAR00924,Counsellor Specialist 924,Environment,Track 4,Cluster 24,45.0,71.0,73.0,62.0,74.0,46.0,62.0,23.0,67.0,52.0,62.0,30.0,27.0,19.0,74.0,88.0,83.0,81.0,82.0,53.0,92.0,Professional Degree
CAR00925,Social Worker Specialist 925,Architecture & Construction,Track 5,Cluster 25,67.0,73.0,71.0,15.0,42.0,33.0,27.0,47.0,79.0,40.0,92.0,81.0,20.0,74.0,57.0,18.0,81.0,51.0,92.0,53.0,50.0,Undergraduate
CAR00926,Civil Services Officer Specialist 926,Manufacturing,Track 6,Cluster 26,89.0,61.0,36.0,61.0,85.0,32.0,75.0,55.0,43.0,62.0,79.0,39.0,23.0,27.0,49.0,55.0,35.0,66.0,24.0,85.0,42.0,Higher Secondary
CAR00927,Policy Analyst Specialist 927,Energy,Track 7,Cluster 27,29.0,33.0,48.0,61.0,90.0,44.0,89.0,33.0,37.0,85.0,56.0,80.0,62.0,16.0,89.0,64.0,17.0,43.0,70.0,25.0,61.0,Higher Secondary
CAR00928,Defence Officer Specialist 928,Transportation,Track 8,Cluster 28,50.0,26.0,84.0,15.0,52.0,43.0,37.0,80.0,56.0,66.0,92.0,87.0,76.0,91.0,44.0,40.0,43.0,37.0,55.0,56.0,71.0,Professional Degree
CAR00929,Journalist Specialist 929,Aviation,Track 9,Cluster 29,63.0,33.0,78.0,49.0,52.0,40.0,65.0,69.0,66.0,15.0,35.0,34.0,56.0,91.0,20.0,26.0,44.0,94.0,54.0,47.0,73.0,Undergraduate
CAR00930,Public Relations Specialist Specialist 930,Marine,Track 10,Cluster 30,83.0,21.0,44.0,73.0,44.0,18.0,58.0,43.0,16.0,83.0,29.0,30.0,49.0,67.0,20.0,33.0,39.0,60.0,86.0,89.0,48.0,Postgraduate
CAR00931,Content Creator Specialist 931,Business,Track 1,Cluster 1,32.0,56.0,64.0,41.0,47.0,80.0,32.0,80.0,32.0,60.0,25.0,23.0,72.0,35.0,53.0,57.0,39.0,27.0,75.0,47.0,19.0,Postgraduate
CAR00932,Graphic Designer Specialist 932,Finance,Track 2,Cluster 2,68.0,75.0,36.0,16.0,33.0,92.0,66.0,56.0,67.0,29.0,68.0,24.0,69.0,47.0,35.0,80.0,28.0,73.0,81.0,28.0,93.0,Undergraduate
CAR00933,UI UX Designer Specialist 933,Law, Track 3 ,Cluster 3,42.0,53.0,30.0,38.0,68.0,88.0,31.0,54.0,19.0,46.0,81.0,69.0,80.0,42.0,72.0,84.0,19.0,33.0,39.0,87.0,88.0,Secondary
CAR00934,Product Designer Specialist 934,Education,Track 4,Cluster 4,80.0,67.0,59.0,74.0,17.0,26.0,69.0,56.0,84.0,,83.0,82.0,66.0,37.0,41.0,66.0,65.0,21.0,74.0,93.0,49.0,Diploma
CAR00935,Fashion Designer Specialist 935,Psychology & Social Services,Track 5,Cluster 5,15.0,71.0,62.0,20.0,23.0,87.0,59.0,94.0,68.0,70.0,44.0,33.0,83.0,48.0,34.0,38.0,52.0,53.0,50.0,41.0,71.0,Postgraduate
CAR00936,Illustrator Specialist 936,Government & Public Service,Track 6,Cluster 6,58.0,77.0,89.0,24.0,27.0,73.0,58.0,54.0,82.0,24.0,95.0,91.0,15.0,23.0,41.0,17.0,51.0,16.0,67.0,21.0,46.0,Higher Secondary
CAR00937,Animator Specialist 937,Defence & Security, Track 7 ,Cluster 7,88.0,29.0,19.0,,39.0,54.0,56.0,56.0,85.0,67.0,24.0,45.0,94.0,57.0,57.0,71.0,45.0,70.0,90.0,70.0,73.0,Secondary
CAR00938,Chef Specialist 938,Media & Communication,Track 8,Cluster 8,26.0,87.0,27.0,82.0,81.0,21.0,83.0,90.0,49.0,17.0,59.0,61.0,31.0,31.0,81.0,79.0,58.0,27.0,29.0,19.0,44.0,Secondary
CAR00939,Hotel Manager Specialist 939,Arts & Design,Track 9,Cluster 9,83.0,64.0,44.0,51.0,55.0,15.0,52.0,57.0,62.0,90.0,47.0,90.0,20.0,45.0,82.0,51.0,60.0,47.0,41.0,91.0,26.0,Postgraduate
CAR00940,Travel Consultant Specialist 940,Fashion, Track 10 ,Cluster 10,65.0,40.0,55.0,73.0,21.0,64.0,29.0,92.0,70.0,53.0,45.0,90.0,41.0,40.0,38.0,63.0,50.0,80.0,66.0,25.0,93.0,Higher Secondary
CAR00941,Sports Coach Specialist 941,Hospitality & Tourism,Track 1,Cluster 11,80.0,30.0,81.0,71.0,60.0,36.0,48.0,67.0,90.0,78.0,22.0,26.0,85.0,56.0,80.0,16.0,41.0,22.0,72.0,55.0,93.0,Secondary
CAR00942, Sports Scientist Specialist 942 ,Sports,Track 2, Cluster 12 ,44.0,66.0,95.0,63.0,55.0,22.0,70.0,54.0,32.0,94.0,76.0,57.0,86.0,15.0,32.0,93.0,26.0,16.0,58.0,54.0,90.0,Diploma
CAR00943,Supply Chain Analyst Specialist 943,Logistics & Supply Chain,Track 3,Cluster 13,28.0,49.0,22.0,66.0,17.0,19.0,78.0,89.0,58.0,54.0,69.0,56.0,67.0,81.0,88.0,76.0,27.0,15.0,79.0,82.0,69.0,Secondary
CAR00944,Logistics Manager Specialist 944,Skilled Trades,Track 4,Cluster 14,42.0,,46.0,57.0,82.0,35.0,82.0,90.0,36.0,59.0,92.0,82.0,88.0,23.0,63.0,18.0,89.0,76.0,19.0,63.0,50.0,Secondary
CAR00945,Electrician Specialist 945,Research,Track 5,Cluster 15,67.0,16.0,91.0,75.0,67.0,49.0,62.0,76.0,81.0,28.0,54.0,46.0,16.0,48.0,83.0,68.0,80.0,80.0,,65.0,28.0,Diploma
CAR00946,Welder Specialist 946,Technology,Track 6,Cluster 16,25.0,94.0,60.0,73.0,81.0,78.0,25.0,87.0,81.0,34.0,61.0,85.0,50.0,22.0,54.0,46.0,92.0,18.0,33.0,71.0,53.0,Professional Degree
CAR00947,Technician Specialist 947,Engineering,Track 7,Cluster 17,73.0,75.0,43.0,33.0,91.0,20.0,48.0,78.0,36.0,68.0,94.0,50.0,,38.0,71.0,43.0,64.0,61.0,22.0,62.0,50.0,Postgraduate
CAR00948,Research Scientist Specialist 948,Healthcare,Track 8,Cluster 18,19.0,70.0,18.0,75.0,94.0,49.0,73.0,92.0,84.0,59.0,52.0,61.0,38.0,16.0,15.0,86.0,20.0,39.0,40.0,49.0,66.0,Higher Secondary
CAR00949,Software Developer Specialist 949,Life Sciences,Track 9,Cluster 19,58.0,63.0,37.0,23.0,58.0,35.0,38.0,67.0,90.0,76.0,84.0,68.0,72.0,35.0,40.0,89.0,,51.0,24.0,84.0,78.0,Secondary
CAR00950,Data Scientist Specialist 950,Agriculture,Track 10,Cluster 20,22.0,32.0,89.0,90.0,60.0,95.0,76.0,41.0,29.0,81.0,45.0,94.0,20.0,70.0,50.0,86.0,25.0,44.0,95.0,36.0,69.0,Postgraduate
CAR00951,AI Engineer Specialist 951,Environment, Track 1 ,Cluster 21,51.0,60.0,26.0,,94.0,95.0,49.0,67.0,93.0,39.0,70.0,84.0,72.0,46.0,95.0,53.0,80.0,23.0,36.0,59.0,45.0,Postgraduate
CAR00952,Machine Learning Engineer Specialist 952,Architecture & Construction,Track 2,Cluster 22,72.0,31.0,90.0,30.0,68.0,55.0,34.0,36.0,44.0,42.0,73.0,36.0,55.0,54.0,49.0,31.0,29.0,35.0,90.0,37.0,88.0,Postgraduate
CAR00953,Cybersecurity Analyst Specialist 953,Manufacturing,Track 3,Cluster 23,64.0,36.0,50.0,76.0,20.0,89.0,66.0,86.0,25.0,19.0,95.0,43.0,30.0,67.0,52.0,93.0,50.0,21.0,26.0,63.0,95.0,Higher Secondary
CAR00954,Cloud Engineer Specialist 954,Energy,Track 4,Cluster 24,31.0,76.0,33.0,43.0,81.0,70.0,59.0,52.0,70.0,59.0,42.0,49.0,31.0,78.0,30.0,26.0,86.0,30.0,95.0,35.0,69.0,Undergraduate
CAR00955,Database Administrator Specialist 955,Transportation,Track 5,Cluster 25,76.0,68.0,62.0,57.0,79.0,95.0,77.0,59.0,65.0,55.0,42.0,58.0,91.0,86.0,20.0,88.0,34.0,37.0,42.0,61.0,32.0,Diploma
CAR00956,Web Developer Specialist 956,Aviation,Track 6,Cluster 26,38.0,44.0,81.0,53.0,38.0,84.0,27.0,87.0,21.0,60.0,87.0,17.0,57.0,25.0,75.0,88.0,46.0,91.0,91.0,72.0,25.0,Diploma
CAR00957,Mobile App Developer Specialist 957,Marine,Track 7,Cluster 27,39.0,76.0,81.0,52.0,95.0,79.0,56.0,73.0,44.0,49.0,81.0,72.0,72.0,57.0,88.0,37.0,93.0,90.0,48.0,74.0,41.0,Secondary
CAR00958,Network Engineer Specialist 958,Business,Track 8,Cluster 28,43.0,61.0,17.0,41.0,25.0,22.0,41.0,23.0,41.0,75.0,35.0,41.0,69.0,82.0,80.0,90.0,50.0,47.0,54.0,18.0,37.0,Secondary
CAR00959,Data Analyst Specialist 959,Finance, Track 9 ,Cluster 29,43.0,72.0,68.0,38.0,75.0,24.0,17.0,56.0,81.0,20.0,84.0,31.0,69.0,29.0,72.0,57.0,19.0,45.0,66.0,66.0,53.0,Higher Secondary
CAR00960,Business Analyst Specialist 960, Law ,Track 10,Cluster 30,80.0,63.0,60.0,90.0,95.0,69.0,23.0,66.0,60.0,71.0,69.0,84.0,59.0,92.0,16.0,88.0,81.0,56.0,23.0,92.0,28.0,Diploma
CAR00961,Civil Engineer Specialist 961,Education,Track 1,Cluster 1,50.0,44.0,29.0,34.0,85.0,65.0,36.0,93.0,91.0,27.0,70.0,62.0,84.0,25.0,25.0,50.0,93.0,15.0,65.0,21.0,69.0,Secondary
CAR00962,Mechanical Engineer Specialist 962,Psychology & Social Services,Track 2,Cluster 2,41.0,24.0,77.0,94.0,73.0,32.0,73.0,38.0,20.0,69.0,52.0,65.0,25.0,83.0,43.0,78.0,23.0,56.0,88.0,22.0,30.0,Undergraduate
CAR00963,Electrical Engineer Specialist 963,Government & Public Service,Track 3,Cluster 3,28.0,57.0,20.0,36.0,25.0,32.0,20.0,89.0,77.0,42.0,45.0,62.0,16.0,81.0,73.0,38.0,49.0,74.0,25.0,37.0,64.0,Postgraduate
CAR00964,Electronics Engineer Specialist 964,Defence & Security,Track 4,Cluster 4,22.0,40.0,86.0,22.0,92.0,51.0,48.0,41.0,50.0,18.0,67.0,68.0,78.0,61.0,73.0,36.0,95.0,32.0,40.0,21.0,61.0,Postgraduate
CAR00965,Chemical Engineer Specialist 965,Media & Communication,Track 5,Cluster 5,40.0,42.0,77.0,89.0,18.0,90.0,45.0,21.0,59.0,84.0,63.0,28.0,90.0,37.0,15.0,67.0,22.0,88.0,66.0,46.0,51.0,Undergraduate
CAR00966,Biomedical Engineer Specialist 966,Arts & Design,Track 6,Cluster 6,59.0,48.0,79.0,21.0,38.0,44.0,80.0,36.0,28.0,54.0,36.0,71.0,86.0,57.0,55.0,79.0,19.0,,23.0,91.0,,Diploma
CAR00967,Environmental Engineer Specialist 967,Fashion,Track 7,Cluster 7,73.0,50.0,29.0,48.0,81.0,45.0,86.0,68.0,40.0,76.0,74.0,29.0,,92.0,48.0,57.0,25.0,88.0,73.0,58.0,37.0,Diploma
CAR00968,Architect Specialist 968,Hospitality & Tourism,Track 8,Cluster 8,64.0,67.0,95.0,75.0,41.0,49.0,93.0,39.0,35.0,88.0,15.0,26.0,47.0,32.0,24.0,60.0,74.0,74.0,75.0,42.0,33.0,Postgraduate
CAR00969,Urban Planner Specialist 969,Sports,Track 9,Cluster 9,30.0,64.0,29.0,86.0,63.0,,89.0,31.0,56.0,78.0,,73.0,80.0,86.0,63.0,54.0,60.0,76.0,30.0,81.0,36.0,Higher Secondary
CAR00970,Doctor Specialist 970,Logistics & Supply Chain,Track 10,Cluster 10,72.0,24.0,29.0,71.0,27.0,17.0,37.0,61.0,26.0,33.0,82.0,21.0,35.0,92.0,38.0,52.0,67.0,32.0,72.0,25.0,63.0,Diploma
CAR00971,Nurse Specialist 971,Skilled Trades,Track 1,Cluster 11,74.0,65.0,87.0,39.0,34.0,82.0,60.0,25.0,27.0,17.0,93.0,38.0,81.0,37.0,55.0,31.0,87.0,77.0,17.0,80.0,36.0,Postgraduate
CAR00972,Physiotherapist Specialist 972,Research,Track 2,Cluster 12,21.0,23.0,49.0,92.0,31.0,17.0,87.0,30.0,77.0,71.0,38.0,51.0,88.0,29.0,95.0,58.0,29.0,77.0,88.0,52.0,57.0,Higher Secondary
CAR00973,Pharmacist Specialist 973,Technology,Track 3,Cluster 13,31.0,55.0,58.0,52.0,38.0,46.0,55.0,40.0,88.0,42.0,87.0,64.0,60.0,76.0,72.0,90.0,69.0,70.0,40.0,56.0,52.0,Postgraduate
CAR00974,Dentist Specialist 974,Engineering,Track 4,Cluster 14,18.0,92.0,32.0,31.0,,32.0,,77.0,86.0,59.0,86.0,90.0,56.0,95.0,58.0,82.0,18.0,24.0,63.0,23.0,48.0,Postgraduate
CAR00975,Medical Laboratory Scientist Specialist 975,Healthcare,Track 5,Cluster 15,84.0,91.0,93.0,79.0,68.0,47.0,22.0,51.0,56.0,86.0,33.0,57.0,83.0,74.0,79.0,47.0,53.0,79.0,80.0,59.0,69.0,Undergraduate
CAR00976,Microbiologist Specialist 976,Life Sciences,Track 6,Cluster 16,75.0,69.0,35.0,64.0,70.0,94.0,79.0,60.0,81.0,65.0,75.0,41.0,15.0,53.0,64.0,64.0,48.0,30.0,77.0,32.0,83.0,Higher Secondary
CAR00977,Biotechnologist Specialist 977,Agriculture,Track 7,Cluster 17,91.0,90.0,48.0,92.0,79.0,85.0,48.0,63.0,42.0,94.0,48.0,72.0,21.0,37.0,61.0,35.0,88.0,27.0,69.0,80.0,91.0,Secondary
CAR00978,Geneticist Specialist 978,Environment,Track 8, Cluster 18 ,88.0,39.0,37.0,87.0,33.0,70.0,82.0,33.0,72.0,70.0,78.0,42.0,68.0,76.0,77.0,45.0,95.0,73.0,39.0,53.0,78.0,Higher Secondary
CAR00979,Agricultural Scientist Specialist 979,Architecture & Construction,Track 9,Cluster 19,46.0,40.0,79.0,45.0,31.0,27.0,60.0,37.0,63.0,17.0,53.0,77.0,44.0,49.0,,41.0,84.0,83.0,64.0,81.0,20.0,Postgraduate
CAR00980,Agronomist Specialist 980,Manufacturing,Track 10,Cluster 20,62.0,40.0,76.0,86.0,90.0,82.0,26.0,55.0,74.0,29.0,94.0,56.0,17.0,50.0,57.0,38.0,57.0,70.0,37.0,94.0,49.0,Higher Secondary
CAR00981,Forestry Specialist Specialist 981,Energy,Track 1,Cluster 21,40.0,27.0,39.0,82.0,49.0,17.0,56.0,61.0,93.0,93.0,75.0,41.0,83.0,78.0,22.0,86.0,88.0,40.0,52.0,41.0,74.0,Professional Degree
CAR00982,Environmental Scientist Specialist 982,Transportation,Track 2,Cluster 22,77.0,84.0,27.0,54.0,51.0,61.0,75.0,16.0,83.0,95.0,17.0,56.0,66.0,95.0,44.0,15.0,58.0,67.0,68.0,61.0,56.0,Diploma
CAR00983,Renewable Energy Engineer Specialist 983,Aviation,Track 3,Cluster 23,47.0,46.0,46.0,76.0,76.0,47.0,82.0,34.0,39.0,84.0,64.0,51.0,39.0,95.0,30.0,67.0,25.0,89.0,36.0,34.0,32.0,Diploma
CAR00984,Energy Analyst Specialist 984,Marine,Track 4,Cluster 24,78.0,39.0,22.0,26.0,62.0,40.0,42.0,46.0,51.0,56.0,91.0,78.0,20.0,49.0,15.0,36.0,51.0,70.0,57.0,17.0,91.0,Undergraduate
CAR00985,Automotive Engineer Specialist 985,Business,Track 5,Cluster 25,24.0,79.0,36.0,59.0,69.0,81.0,66.0,32.0,36.0,49.0,63.0,51.0,43.0,43.0,77.0,84.0,24.0,45.0,17.0,55.0,77.0,Higher Secondary
CAR00986,Aviation Engineer Specialist 986,Finance,Track 6,Cluster 26,69.0,41.0,63.0,29.0,15.0,52.0,20.0,57.0,42.0,43.0,39.0,16.0,76.0,67.0,37.0,89.0,24.0,33.0,90.0,83.0,54.0,Undergraduate
CAR00987,Pilot Specialist 987,Law,Track 7,Cluster 27,83.0,95.0,74.0,40.0,41.0,26.0,60.0,23.0,33.0,72.0,18.0,41.0,83.0,83.0,51.0,78.0,35.0,44.0,37.0,72.0,35.0,Secondary
CAR00988,Marine Engineer Specialist 988,Education,Track 8,Cluster 28,90.0,36.0,81.0,75.0,52.0,68.0,52.0,93.0,56.0,71.0,56.0,57.0,20.0,94.0,23.0,40.0,64.0,79.0,44.0,73.0,65.0,Professional Degree
CAR00989,Oceanographer Specialist 989,Psychology & Social Services,Track 9,Cluster 29,54.0,32.0,37.0,84.0,32.0,21.0,64.0,41.0,79.0,75.0,15.0,77.0,56.0,86.0,93.0,86.0,15.0,16.0,,43.0,17.0,Secondary
CAR00990,Accountant Specialist 990,Government & Public Service,Track 10,Cluster 30,74.0,48.0,58.0,78.0,66.0,76.0,79.0,32.0,75.0,89.0,44.0,87.0,48.0,67.0,61.0,75.0,52.0,32.0,78.0,28.0,39.0,Secondary
CAR00991,Financial Analyst Specialist 991,Defence & Security, Track 1 ,Cluster 1,86.0,59.0,29.0,76.0,21.0,87.0,75.0,27.0,28.0,61.0,76.0,30.0,57.0,34.0,36.0,55.0,69.0,80.0,88.0,56.0,90.0,Diploma
CAR00992,Auditor Specialist 992,Media & Communication,Track 2,Cluster 2,78.0,61.0,43.0,18.0,95.0,85.0,25.0,69.0,19.0,47.0,33.0,81.0,78.0,34.0,47.0,69.0,63.0,54.0,73.0,44.0,90.0,Secondary
CAR00993,Investment Analyst Specialist 993,Arts & Design,Track 3,Cluster 3,26.0,57.0,76.0,40.0,32.0,95.0,90.0,16.0,62.0,75.0,72.0,94.0,89.0,50.0,69.0,45.0,72.0,59.0,31.0,80.0,21.0,Postgraduate
CAR00994,Economist Specialist 994,Fashion,Track 4,Cluster 4,79.0,21.0,94.0,34.0,57.0,68.0,37.0,34.0,66.0,31.0,73.0,43.0,78.0,81.0,86.0,71.0,74.0,50.0,76.0,25.0,83.0,Professional Degree
CAR00995,Entrepreneur Specialist 995,Hospitality & Tourism,Track 5,Cluster 5,23.0,61.0,46.0,37.0,63.0,80.0,91.0,44.0,65.0,60.0,17.0,88.0,45.0,18.0,45.0,60.0,49.0,60.0,36.0,72.0,94.0,Higher Secondary
CAR00996,Marketing Specialist Specialist 996,Sports,Track 6,Cluster 6,32.0,48.0,43.0,15.0,29.0,15.0,62.0,16.0,63.0,57.0,46.0,52.0,74.0,62.0,45.0,33.0,39.0,51.0,19.0,53.0,75.0,Diploma
CAR00997,Human Resources Specialist Specialist 997,Logistics & Supply Chain,Track 7,Cluster 7,73.0,24.0,85.0,30.0,38.0,49.0,71.0,58.0,24.0,43.0,79.0,91.0,47.0,83.0,95.0,70.0,15.0,55.0,89.0,69.0,64.0,Diploma
CAR00998,Lawyer Specialist 998,Skilled Trades,Track 8,Cluster 8,94.0,29.0,43.0,40.0,52.0,87.0,,86.0,37.0,30.0,59.0,72.0,34.0,19.0,34.0,79.0,31.0,,23.0,43.0,82.0,Diploma
CAR00999,Legal Advisor Specialist 999,Research,Track 9,Cluster 9,51.0,49.0,44.0,73.0,39.0,82.0,75.0,49.0,55.0,50.0,23.0,68.0,44.0,24.0,93.0,92.0,74.0,80.0,41.0,21.0,49.0,Higher Secondary
CAR01000,Teacher Specialist 1000,Technology,Track 10,Cluster 10,59.0,91.0,48.0,68.0,90.0,56.0,38.0,48.0,29.0,81.0,44.0,94.0,62.0,34.0,33.0,87.0,35.0,56.0,71.0,58.0,34.0,Diploma
CAR01001,Education Consultant Specialist 1001,Engineering,Track 1,Cluster 11,54.0,48.0,15.0,79.0,21.0,24.0,38.0,77.0,48.0,84.0,17.0,89.0,43.0,54.0,58.0,53.0,34.0,39.0,79.0,54.0,69.0,Diploma
CAR01002,Psychologist Specialist 1002,Healthcare,Track 2,Cluster 12,73.0,29.0,58.0,18.0,15.0,50.0,36.0,23.0,55.0,77.0,85.0,50.0,30.0,88.0,69.0,60.0,44.0,20.0,20.0,42.0,47.0,Postgraduate
CAR01003,Counsellor Specialist 1003,Life Sciences,Track 3,Cluster 13,67.0,81.0,33.0,62.0,25.0,36.0,41.0,60.0,81.0,95.0,30.0,51.0,57.0,22.0,82.0,,76.0,47.0,,93.0,78.0,Secondary
CAR01004,Social Worker Specialist 1004,Agriculture,Track 4,Cluster 14,61.0,46.0,37.0,24.0,30.0,25.0,33.0,60.0,36.0,30.0,46.0,53.0,48.0,17.0,75.0,93.0,31.0,24.0,37.0,45.0,72.0,Secondary
CAR01005,Civil Services Officer Specialist 1005,Environment,Track 5,Cluster 15,53.0,15.0,93.0,15.0,53.0,70.0,64.0,48.0,93.0,67.0,35.0,19.0,41.0,75.0,21.0,40.0,61.0,41.0,82.0,30.0,92.0,Undergraduate
CAR01006,Policy Analyst Specialist 1006,Architecture & Construction,Track 6,Cluster 16,39.0,37.0,20.0,65.0,69.0,89.0,55.0,63.0,67.0,47.0,91.0,15.0,88.0,53.0,81.0,33.0,69.0,75.0,30.0,17.0,50.0,Secondary
CAR01007,Defence Officer Specialist 1007,Manufacturing,Track 7,Cluster 17,78.0,85.0,34.0,91.0,26.0,53.0,91.0,33.0,60.0,56.0,50.0,41.0,71.0,34.0,,37.0,43.0,42.0,89.0,29.0,89.0,Undergraduate
CAR01008,Journalist Specialist 1008,Energy,Track 8,Cluster 18,20.0,50.0,49.0,60.0,61.0,39.0,82.0,36.0,77.0,16.0,30.0,53.0,88.0,77.0,81.0,43.0,87.0,,82.0,32.0,89.0,Postgraduate
CAR01009, Public Relations Specialist Specialist 1009 ,Transportation,Track 9,Cluster 19,34.0,95.0,64.0,,67.0,15.0,89.0,39.0,55.0,81.0,33.0,59.0,91.0,95.0,72.0,39.0,88.0,66.0,84.0,89.0,18.0,Postgraduate
CAR01010,Content Creator Specialist 1010,Aviation,Track 10,Cluster 20,,62.0,58.0,79.0,46.0,68.0,86.0,93.0,42.0,16.0,82.0,63.0,83.0,39.0,40.0,62.0,61.0,75.0,32.0,17.0,75.0,Secondary
CAR01011,Graphic Designer Specialist 1011,Marine,Track 1,Cluster 21,50.0,18.0,26.0,56.0,55.0,45.0,78.0,83.0,93.0,88.0,68.0,86.0,23.0,91.0,48.0,77.0,88.0,64.0,51.0,94.0,70.0,Higher Secondary
CAR01012,UI UX Designer Specialist 1012,Business,Track 2,Cluster 22,46.0,56.0,39.0,82.0,81.0,21.0,21.0,16.0,52.0,15.0,76.0,72.0,48.0,41.0,59.0,95.0,44.0,73.0,86.0,15.0,95.0,Secondary
CAR01013,Product Designer Specialist 1013,Finance,Track 3, Cluster 23 ,91.0,88.0,84.0,40.0,25.0,92.0,74.0,66.0,69.0,65.0,62.0,79.0,37.0,47.0,56.0,82.0,68.0,57.0,51.0,32.0,26.0,Diploma
CAR01014,Fashion Designer Specialist 1014,Law,Track 4,Cluster 24,90.0,23.0,28.0,25.0,52.0,45.0,47.0,88.0,84.0,88.0,73.0,51.0,87.0,50.0,72.0,32.0,79.0,73.0,84.0,43.0,50.0,Diploma
CAR01015,Illustrator Specialist 1015,Education,Track 5,Cluster 25,25.0,61.0,56.0,17.0,70.0,75.0,85.0,45.0,89.0,87.0,73.0,62.0,42.0,71.0,57.0,62.0,43.0,67.0,49.0,79.0,,Higher Secondary
CAR01016,Animator Specialist 1016,Psychology & Social Services,Track 6,Cluster 26,18.0,,18.0,94.0,19.0,81.0,65.0,42.0,73.0,95.0,85.0,29.0,82.0,60.0,38.0,94.0,83.0,76.0,85.0,25.0,23.0,Higher Secondary
CAR01017,Chef Specialist 1017,Government & Public Service,Track 7,Cluster 27,57.0,47.0,46.0,88.0,20.0,37.0,36.0,23.0,73.0,62.0,67.0,52.0,28.0,81.0,78.0,37.0,66.0,,45.0,53.0,73.0,Undergraduate
CAR01018,Hotel Manager Specialist 1018,Defence & Security,Track 8,Cluster 28,40.0,93.0,43.0,37.0,94.0,38.0,32.0,18.0,16.0,56.0,89.0,93.0,89.0,48.0,55.0,16.0,54.0,73.0,91.0,93.0,81.0,Undergraduate
CAR01019,Travel Consultant Specialist 1019,Media & Communication,Track 9,Cluster 29,60.0,23.0,79.0,42.0,21.0,63.0,63.0,54.0,67.0,18.0,26.0,57.0,77.0,39.0,22.0,88.0,89.0,40.0,40.0,51.0,48.0,Undergraduate
CAR01020,Sports Coach Specialist 1020,Arts & Design,Track 10, Cluster 30 ,68.0,32.0,95.0,89.0,52.0,64.0,82.0,,47.0,69.0,88.0,65.0,17.0,66.0,83.0,21.0,,88.0,52.0,36.0,36.0,Secondary
CAR01021, Sports Scientist Specialist 1021 ,Fashion,Track 1,Cluster 1,57.0,18.0,70.0,94.0,58.0,52.0,40.0,34.0,15.0,44.0,91.0,35.0,54.0,34.0,83.0,27.0,24.0,34.0,59.0,45.0,24.0,Secondary
CAR01022,Supply Chain Analyst Specialist 1022,Hospitality & Tourism,Track 2,Cluster 2,39.0,36.0,91.0,24.0,28.0,16.0,90.0,75.0,40.0,63.0,69.0,55.0,32.0,95.0,64.0,53.0,17.0,27.0,19.0,17.0,28.0,Undergraduate
CAR01023,Logistics Manager Specialist 1023,Sports,Track 3,Cluster 3,16.0,75.0,60.0,18.0,34.0,54.0,65.0,69.0,23.0,83.0,30.0,20.0,25.0,52.0,77.0,75.0,81.0,89.0,93.0,81.0,47.0,Higher Secondary
CAR01024,Electrician Specialist 1024,Logistics & Supply Chain,Track 4,Cluster 4,89.0,92.0,92.0,66.0,16.0,41.0,77.0,65.0,24.0,74.0,90.0,54.0,82.0,34.0,48.0,27.0,95.0,50.0,23.0,93.0,94.0,Higher Secondary
CAR01025,Welder Specialist 1025,Skilled Trades,Track 5,Cluster 5,76.0,17.0,35.0,52.0,64.0,69.0,22.0,23.0,74.0,45.0,63.0,73.0,49.0,76.0,76.0,21.0,58.0,36.0,27.0,49.0,74.0,Higher Secondary
CAR01026,Technician Specialist 1026,Research,Track 6,Cluster 6,78.0,60.0,92.0,24.0,61.0,23.0,93.0,50.0,27.0,29.0,33.0,32.0,35.0,44.0,30.0,49.0,92.0,26.0,89.0,28.0,92.0,Secondary
CAR01027,Research Scientist Specialist 1027,Technology,Track 7,Cluster 7,51.0,44.0,51.0,71.0,92.0,69.0,25.0,95.0,75.0,43.0,30.0,78.0,94.0,38.0,79.0,41.0,62.0,54.0,34.0,65.0,38.0,Professional Degree
CAR01028,Software Developer Specialist 1028,Engineering,Track 8,Cluster 8,79.0,20.0,55.0,35.0,59.0,19.0,66.0,17.0,72.0,66.0,31.0,73.0,73.0,73.0,40.0,79.0,90.0,19.0,78.0,69.0,31.0,Professional Degree
CAR01029,Data Scientist Specialist 1029,Healthcare,Track 9,Cluster 9,59.0,82.0,86.0,31.0,94.0,65.0,94.0,75.0,54.0,43.0,72.0,16.0,57.0,91.0,46.0,45.0,47.0,18.0,40.0,47.0,62.0,Secondary
CAR01030,AI Engineer Specialist 1030,Life Sciences,Track 10,Cluster 10,49.0,64.0,30.0,32.0,35.0,58.0,79.0,70.0,38.0,81.0,42.0,56.0,94.0,18.0,34.0,16.0,88.0,83.0,61.0,83.0,63.0,Secondary
CAR01031,Machine Learning Engineer Specialist 1031,Agriculture,Track 1,Cluster 11,81.0,59.0,64.0,51.0,78.0,62.0,54.0,65.0,51.0,43.0,75.0,55.0,81.0,58.0,87.0,72.0,28.0,73.0,,37.0,65.0,Professional Degree
CAR01032,Cybersecurity Analyst Specialist 1032,Environment,Track 2,Cluster 12,35.0,84.0,43.0,77.0,27.0,70.0,27.0,90.0,58.0,89.0,78.0,45.0,62.0,36.0,91.0,58.0,48.0,42.0,74.0,23.0,35.0,Undergraduate
CAR01033,Cloud Engineer Specialist 1033,Architecture & Construction,Track 3,Cluster 13,38.0,83.0,77.0,76.0,95.0,23.0,52.0,43.0,93.0,21.0,51.0,39.0,80.0,53.0,63.0,65.0,22.0,38.0,43.0,81.0,69.0,Professional Degree
CAR01034,Database Administrator Specialist 1034,Manufacturing,Track 4,Cluster 14,54.0,71.0,69.0,26.0,43.0,89.0,85.0,42.0,90.0,41.0,81.0,55.0,25.0,22.0,59.0,24.0,59.0,62.0,52.0,57.0,58.0,Diploma
CAR01035,Web Developer Specialist 1035,Energy,Track 5,Cluster 15,89.0,16.0,22.0,43.0,69.0,86.0,89.0,46.0,85.0,87.0,32.0,58.0,84.0,74.0,79.0,25.0,16.0,92.0,75.0,16.0,75.0,Postgraduate
CAR01036,Mobile App Developer Specialist 1036,Transportation,Track 6,Cluster 16,54.0,93.0,64.0,49.0,42.0,39.0,85.0,90.0,17.0,34.0,66.0,45.0,67.0,83.0,84.0,25.0,89.0,24.0,84.0,37.0,44.0,Postgraduate
CAR01037,Network Engineer Specialist 1037,Aviation,Track 7,Cluster 17,94.0,94.0,78.0,89.0,29.0,95.0,64.0,34.0,73.0,94.0,40.0,88.0,83.0,86.0,27.0,71.0,66.0,65.0,28.0,23.0,61.0,Higher Secondary
CAR01038,Data Analyst Specialist 1038,Marine,Track 8,Cluster 18,87.0,70.0,92.0,60.0,69.0,39.0,16.0,27.0,85.0,28.0,82.0,71.0,44.0,15.0,65.0,83.0,27.0,65.0,50.0,95.0,26.0,Professional Degree
CAR01039,Business Analyst Specialist 1039,Business,Track 9,Cluster 19,47.0,47.0,95.0,51.0,57.0,76.0,40.0,93.0,74.0,36.0,55.0,42.0,28.0,21.0,75.0,33.0,30.0,77.0,82.0,71.0,82.0,Secondary
CAR01040,Civil Engineer Specialist 1040,Finance,Track 10,Cluster 20,20.0,16.0,57.0,69.0,18.0,95.0,73.0,110.0,17.0,38.0,,54.0,20.0,82.0,70.0,63.0,90.0,91.0,42.0,74.0,55.0,Professional Degree
CAR01041,Mechanical Engineer Specialist 1041,Law,Track 1,Cluster 21,17.0,86.0,74.0,57.0,71.0,37.0,82.0,21.0,84.0,57.0,89.0,24.0,59.0,,77.0,70.0,34.0,62.0,66.0,18.0,48.0,Secondary
CAR01042,Electrical Engineer Specialist 1042,Education,Track 2,Cluster 22,64.0,64.0,29.0,85.0,35.0,54.0,50.0,19.0,94.0,70.0,85.0,22.0,52.0,22.0,45.0,40.0,80.0,34.0,76.0,18.0,69.0,Secondary
CAR01043,Electronics Engineer Specialist 1043,Psychology & Social Services,Track 3,Cluster 23,87.0,16.0,16.0,48.0,39.0,63.0,37.0,42.0,87.0,37.0,27.0,64.0,78.0,32.0,50.0,91.0,28.0,50.0,70.0,39.0,17.0,Diploma
CAR01044,Chemical Engineer Specialist 1044,Government & Public Service,Track 4,Cluster 24,87.0,24.0,29.0,56.0,72.0,34.0,54.0,74.0,71.0,58.0,30.0,81.0,80.0,50.0,31.0,32.0,44.0,27.0,95.0,22.0,54.0,Undergraduate
CAR01045,Biomedical Engineer Specialist 1045,Defence & Security,Track 5,Cluster 25,61.0,80.0,65.0,27.0,84.0,40.0,81.0,63.0,39.0,22.0,84.0,48.0,56.0,45.0,74.0,16.0,67.0,85.0,33.0,15.0,56.0,Secondary
CAR01046,Environmental Engineer Specialist 1046,Media & Communication,Track 6,Cluster 26,49.0,34.0,30.0,88.0,86.0,32.0,63.0,68.0,22.0,,18.0,62.0,89.0,34.0,35.0,67.0,26.0,21.0,50.0,89.0,62.0,Professional Degree
CAR01047,Architect Specialist 1047,Arts & Design,Track 7,Cluster 27,88.0,85.0,61.0,65.0,81.0,89.0,53.0,91.0,54.0,22.0,25.0,26.0,76.0,68.0,41.0,89.0,,47.0,66.0,40.0,17.0,Higher Secondary
CAR01048,Urban Planner Specialist 1048,Fashion,Track 8,Cluster 28,66.0,92.0,71.0,31.0,69.0,31.0,19.0,72.0,86.0,33.0,35.0,54.0,27.0,94.0,69.0,30.0,21.0,56.0,76.0,88.0,39.0,Postgraduate
CAR01049,Doctor Specialist 1049,Hospitality & Tourism,Track 9,Cluster 29,62.0,90.0,26.0,63.0,86.0,93.0,60.0,38.0,78.0,93.0,20.0,29.0,86.0,88.0,62.0,50.0,30.0,88.0,41.0,61.0,54.0,Secondary
CAR01050,Nurse Specialist 1050,Sports,Track 10,Cluster 30,37.0,57.0,45.0,16.0,81.0,90.0,31.0,91.0,55.0,55.0,44.0,56.0,57.0,43.0,59.0,63.0,68.0,58.0,75.0,21.0,46.0,Professional Degree
CAR01051,Physiotherapist Specialist 1051,Logistics & Supply Chain,Track 1,Cluster 1,61.0,90.0,42.0,75.0,72.0,94.0,94.0,52.0,51.0,22.0,61.0,60.0,86.0,85.0,58.0,53.0,75.0,55.0,68.0,20.0,58.0,Undergraduate
CAR01052,Pharmacist Specialist 1052,Skilled Trades,Track 2,Cluster 2,18.0,28.0,71.0,38.0,34.0,21.0,84.0,80.0,57.0,21.0,76.0,44.0,39.0,70.0,73.0,60.0,80.0,23.0,42.0,38.0,44.0,Higher Secondary
CAR01053,Dentist Specialist 1053,Research,Track 3,Cluster 3,62.0,20.0,53.0,20.0,53.0,19.0,33.0,42.0,29.0,39.0,89.0,66.0,35.0,94.0,75.0,20.0,51.0,19.0,21.0,74.0,32.0,Postgraduate
CAR01054,Medical Laboratory Scientist Specialist 1054,Technology,Track 4,Cluster 4,43.0,65.0,69.0,70.0,63.0,41.0,42.0,37.0,87.0,76.0,37.0,77.0,41.0,92.0,37.0,37.0,37.0,38.0,39.0,67.0,54.0,Postgraduate
CAR01055,Microbiologist Specialist 1055,Engineering,Track 5,Cluster 5,77.0,15.0,83.0,90.0,81.0,22.0,59.0,24.0,94.0,76.0,57.0,18.0,71.0,57.0,53.0,55.0,95.0,39.0,28.0,54.0,66.0,Professional Degree
CAR01056,Biotechnologist Specialist 1056,Healthcare,Track 6,Cluster 6,19.0,18.0,19.0,41.0,42.0,71.0,54.0,34.0,83.0,70.0,36.0,36.0,38.0,48.0,85.0,19.0,42.0,80.0,44.0,62.0,32.0,Diploma
CAR01057,Geneticist Specialist 1057, Life Sciences ,Track 7,Cluster 7,34.0,42.0,83.0,29.0,37.0,25.0,83.0,60.0,81.0,23.0,76.0,50.0,92.0,41.0,94.0,85.0,28.0,82.0,27.0,28.0,90.0,Higher Secondary
CAR01058,Agricultural Scientist Specialist 1058,Agriculture,Track 8,Cluster 8,31.0,59.0,90.0,,21.0,54.0,25.0,34.0,15.0,78.0,17.0,28.0,63.0,85.0,32.0,87.0,57.0,24.0,32.0,22.0,53.0,Diploma
CAR01059,Agronomist Specialist 1059,Environment,Track 9,Cluster 9,43.0,69.0,64.0,21.0,72.0,40.0,49.0,42.0,62.0,51.0,54.0,44.0,37.0,20.0,,70.0,93.0,22.0,21.0,68.0,63.0,Higher Secondary
CAR01060,Forestry Specialist Specialist 1060,Architecture & Construction,Track 10,Cluster 10,17.0,32.0,89.0,88.0,64.0,25.0,72.0,78.0,72.0,94.0,76.0,64.0,74.0,16.0,49.0,94.0,44.0,17.0,41.0,63.0,55.0,Diploma
CAR01061,Environmental Scientist Specialist 1061,Manufacturing,Track 1,Cluster 11,76.0,16.0,61.0,51.0,65.0,51.0,61.0,33.0,,38.0,86.0,22.0,91.0,81.0,40.0,63.0,32.0,70.0,64.0,32.0,55.0,Higher Secondary
CAR01062,Renewable Energy Engineer Specialist 1062,Energy,Track 2,Cluster 12,70.0,73.0,49.0,43.0,24.0,76.0,84.0,94.0,38.0,45.0,34.0,91.0,26.0,49.0,73.0,36.0,42.0,85.0,31.0,94.0,69.0,Higher Secondary
CAR01063,Energy Analyst Specialist 1063,Transportation, Track 3 ,Cluster 13,78.0,66.0,94.0,67.0,54.0,69.0,61.0,43.0,77.0,50.0,23.0,81.0,90.0,24.0,74.0,71.0,57.0,33.0,16.0,34.0,88.0,Undergraduate
CAR01064,Automotive Engineer Specialist 1064,Aviation,Track 4,Cluster 14,70.0,25.0,91.0,18.0,90.0,54.0,68.0,39.0,39.0,32.0,66.0,81.0,21.0,38.0,89.0,15.0,25.0,46.0,74.0,16.0,50.0,Professional Degree
CAR01065,Aviation Engineer Specialist 1065,Marine,Track 5,Cluster 15,53.0,61.0,89.0,94.0,22.0,34.0,48.0,15.0,39.0,75.0,38.0,74.0,17.0,39.0,75.0,28.0,44.0,86.0,20.0,74.0,66.0,Undergraduate
CAR01066,Pilot Specialist 1066,Business,Track 6,Cluster 16,73.0,,18.0,25.0,30.0,76.0,74.0,64.0,63.0,55.0,21.0,46.0,53.0,31.0,59.0,48.0,91.0,67.0,37.0,19.0,74.0,Undergraduate
CAR01067,Marine Engineer Specialist 1067,Finance,Track 7,Cluster 17,20.0,91.0,26.0,59.0,15.0,60.0,91.0,62.0,49.0,56.0,44.0,62.0,36.0,90.0,83.0,58.0,20.0,17.0,70.0,57.0,23.0,Secondary
CAR01068,Oceanographer Specialist 1068,Law,Track 8,Cluster 18,95.0,95.0,92.0,31.0,77.0,66.0,89.0,51.0,24.0,92.0,60.0,85.0,59.0,78.0,21.0,26.0,51.0,95.0,23.0,39.0,52.0,Higher Secondary
CAR01069,Accountant Specialist 1069,Education,Track 9,Cluster 19,85.0,75.0,63.0,82.0,63.0,93.0,28.0,35.0,87.0,43.0,35.0,85.0,81.0,21.0,86.0,75.0,16.0,79.0,43.0,48.0,31.0,Higher Secondary
CAR01070,Financial Analyst Specialist 1070,Psychology & Social Services,Track 10,Cluster 20,91.0,64.0,18.0,76.0,51.0,88.0,57.0,66.0,25.0,62.0,46.0,64.0,89.0,47.0,36.0,85.0,,53.0,94.0,74.0,82.0,Undergraduate
CAR01071,Auditor Specialist 1071,Government & Public Service,Track 1,Cluster 21,26.0,21.0,79.0,31.0,34.0,,49.0,48.0,54.0,24.0,80.0,70.0,51.0,55.0,25.0,87.0,89.0,72.0,69.0,67.0,51.0,Diploma
CAR01072,Investment Analyst Specialist 1072,Defence & Security,Track 2,Cluster 22,86.0,78.0,92.0,71.0,15.0,72.0,19.0,77.0,58.0,28.0,38.0,38.0,65.0,52.0,59.0,59.0,93.0,58.0,58.0,48.0,49.0,Professional Degree
CAR01073,Economist Specialist 1073,Media & Communication,Track 3,Cluster 23,82.0,60.0,22.0,87.0,64.0,62.0,89.0,,89.0,65.0,24.0,91.0,34.0,76.0,88.0,21.0,88.0,37.0,62.0,28.0,86.0,Postgraduate
CAR01074,Entrepreneur Specialist 1074,Arts & Design,Track 4,Cluster 24,25.0,68.0,63.0,48.0,41.0,27.0,93.0,72.0,85.0,35.0,26.0,50.0,28.0,40.0,33.0,44.0,24.0,88.0,22.0,75.0,25.0,Undergraduate
CAR01075,Marketing Specialist Specialist 1075,Fashion,Track 5,Cluster 25,91.0,37.0,69.0,28.0,43.0,65.0,47.0,19.0,66.0,80.0,78.0,59.0,49.0,20.0,28.0,84.0,52.0,60.0,40.0,76.0,59.0,Diploma
CAR01076,Human Resources Specialist Specialist 1076,Hospitality & Tourism,Track 6,Cluster 26,68.0,89.0,64.0,36.0,82.0,95.0,41.0,92.0,22.0,63.0,25.0,93.0,53.0,84.0,24.0,45.0,91.0,72.0,49.0,46.0,56.0,Higher Secondary
CAR01077,Lawyer Specialist 1077,Sports,Track 7,Cluster 27,73.0,78.0,18.0,23.0,58.0,82.0,59.0,79.0,19.0,51.0,38.0,46.0,93.0,57.0,33.0,15.0,87.0,89.0,57.0,92.0,80.0,Higher Secondary
CAR01078,Legal Advisor Specialist 1078,Logistics & Supply Chain,Track 8,Cluster 28,54.0,80.0,72.0,85.0,25.0,63.0,26.0,89.0,26.0,78.0,17.0,32.0,16.0,45.0,77.0,72.0,64.0,47.0,73.0,92.0,35.0,Secondary
CAR01079,Teacher Specialist 1079,Skilled Trades,Track 9,Cluster 29,72.0,85.0,36.0,34.0,83.0,58.0,95.0,49.0,20.0,55.0,67.0,15.0,92.0,87.0,56.0,28.0,33.0,58.0,68.0,35.0,56.0,Secondary
CAR01080,Education Consultant Specialist 1080,Research,Track 10,Cluster 30,50.0,16.0,65.0,35.0,55.0,25.0,82.0,54.0,81.0,19.0,63.0,87.0,57.0,26.0,33.0,33.0,77.0,66.0,47.0,68.0,68.0,Undergraduate
CAR01081,Psychologist Specialist 1081,Technology,Track 1,Cluster 1,75.0,74.0,67.0,47.0,43.0,46.0,55.0,68.0,38.0,92.0,33.0,34.0,18.0,90.0,51.0,50.0,49.0,56.0,55.0,69.0,60.0,Professional Degree
CAR01082,Counsellor Specialist 1082,Engineering,Track 2,Cluster 2,40.0,37.0,27.0,84.0,54.0,69.0,33.0,77.0,38.0,54.0,41.0,30.0,69.0,94.0,36.0,67.0,64.0,38.0,48.0,74.0,69.0,Professional Degree
CAR01083,Social Worker Specialist 1083,Healthcare,Track 3,Cluster 3,91.0,49.0,15.0,47.0,51.0,43.0,74.0,34.0,85.0,73.0,58.0,94.0,28.0,72.0,16.0,18.0,85.0,30.0,15.0,32.0,93.0,Undergraduate
CAR01084,Civil Services Officer Specialist 1084,Life Sciences,Track 4,Cluster 4,60.0,72.0,61.0,29.0,33.0,27.0,92.0,45.0,32.0,60.0,63.0,31.0,83.0,51.0,36.0,95.0,53.0,78.0,87.0,39.0,33.0,Professional Degree
CAR01085,Policy Analyst Specialist 1085,Agriculture,Track 5,Cluster 5,83.0,47.0,41.0,57.0,71.0,68.0,46.0,77.0,86.0,39.0,37.0,90.0,83.0,58.0,83.0,85.0,22.0,62.0,83.0,21.0,25.0,Diploma
CAR01086,Defence Officer Specialist 1086,Environment,Track 6 ,Cluster 6,89.0,,66.0,26.0,54.0,22.0,79.0,70.0,45.0,38.0,53.0,70.0,46.0,80.0,32.0,46.0,94.0,87.0,72.0,38.0,18.0,Postgraduate
CAR01087,Journalist Specialist 1087,Architecture & Construction,Track 7,Cluster 7,25.0,80.0,46.0,20.0,57.0,73.0,81.0,51.0,63.0,63.0,81.0,92.0,68.0,89.0,28.0,66.0,71.0,62.0,48.0,70.0,62.0,Professional Degree
CAR01088,Public Relations Specialist Specialist 1088,Manufacturing,Track 8,Cluster 8,42.0,45.0,66.0,52.0,84.0,19.0,24.0,39.0,93.0,61.0,93.0,36.0,49.0,32.0,29.0,30.0,74.0,35.0,57.0,40.0,54.0,Professional Degree
CAR01089,Content Creator Specialist 1089, Energy ,Track 9,Cluster 9,83.0,76.0,36.0,69.0,37.0,34.0,58.0,78.0,46.0,39.0,70.0,69.0,41.0,89.0,41.0,19.0,41.0,19.0,55.0,62.0,87.0,Diploma
CAR01090,Graphic Designer Specialist 1090,Transportation,Track 10,Cluster 10,57.0,73.0,52.0,47.0,92.0,28.0,25.0,88.0,51.0,68.0,61.0,29.0,65.0,17.0,55.0,73.0,61.0,59.0,33.0,30.0,28.0,Higher Secondary
CAR01091,UI UX Designer Specialist 1091,Aviation,Track 1,Cluster 11,65.0,77.0,80.0,15.0,28.0,86.0,39.0,28.0,25.0,87.0,47.0,17.0,29.0,58.0,94.0,79.0,16.0,70.0,92.0,61.0,78.0,Higher Secondary
CAR01092,Product Designer Specialist 1092,Marine,Track 2,Cluster 12,54.0,72.0,62.0,37.0,51.0,85.0,75.0,49.0,31.0,59.0,18.0,17.0,91.0,53.0,29.0,93.0,36.0,24.0,73.0,88.0,44.0,Diploma
CAR01093,Fashion Designer Specialist 1093,Business,Track 3,Cluster 13,84.0,57.0,68.0,27.0,78.0,71.0,61.0,110.0,73.0,51.0,79.0,34.0,60.0,18.0,15.0,90.0,20.0,20.0,20.0,16.0,38.0,Undergraduate
CAR01094,Illustrator Specialist 1094,Finance,Track 4,Cluster 14,66.0,46.0,57.0,71.0,27.0,53.0,94.0,65.0,59.0,70.0,61.0,85.0,89.0,23.0,36.0,83.0,22.0,28.0,77.0,93.0,36.0,Postgraduate
CAR01095,Animator Specialist 1095,Law,Track 5,Cluster 15,52.0,69.0,92.0,46.0,57.0,63.0,18.0,28.0,76.0,73.0,54.0,94.0,71.0,72.0,35.0,63.0,66.0,36.0,86.0,89.0,95.0,Undergraduate
CAR01096,Chef Specialist 1096,Education,Track 6, Cluster 16 ,68.0,68.0,72.0,86.0,77.0,32.0,45.0,18.0,38.0,74.0,20.0,89.0,50.0,90.0,54.0,78.0,37.0,59.0,74.0,89.0,83.0,Undergraduate
CAR01097,Hotel Manager Specialist 1097,Psychology & Social Services,Track 7,Cluster 17,20.0,72.0,83.0,72.0,91.0,53.0,67.0,69.0,81.0,29.0,43.0,29.0,33.0,43.0,71.0,25.0,81.0,67.0,83.0,17.0,73.0,Undergraduate
CAR01098,Travel Consultant Specialist 1098,Government & Public Service,Track 8,Cluster 18,59.0,60.0,42.0,31.0,18.0,90.0,30.0,27.0,15.0,66.0,26.0,88.0,30.0,22.0,61.0,60.0,18.0,25.0,66.0,53.0,60.0,Professional Degree
CAR01099,Sports Coach Specialist 1099,Defence & Security,Track 9,Cluster 19,20.0,92.0,70.0,24.0,15.0,38.0,27.0,33.0,15.0,40.0,95.0,60.0,56.0,48.0,32.0,24.0,46.0,68.0,58.0,81.0,32.0,Secondary
CAR01100,Sports Scientist Specialist 1100,Media & Communication,Track 10,Cluster 20,52.0,94.0,93.0,45.0,44.0,15.0,53.0,65.0,56.0,47.0,30.0,43.0,40.0,70.0,79.0,78.0,27.0,24.0,77.0,47.0,53.0,Postgraduate
CAR01101,Supply Chain Analyst Specialist 1101,Arts & Design,Track 1,Cluster 21,52.0,32.0,58.0,88.0,35.0,51.0,88.0,59.0,51.0,15.0,50.0,24.0,56.0,93.0,36.0,30.0,15.0,85.0,52.0,64.0,54.0,Secondary
CAR01102,Logistics Manager Specialist 1102,Fashion,Track 2,Cluster 22,92.0,17.0,41.0,23.0,39.0,59.0,47.0,17.0,83.0,71.0,19.0,19.0,51.0,85.0,45.0,15.0,93.0,83.0,73.0,88.0,74.0,Postgraduate
CAR01103,Electrician Specialist 1103,Hospitality & Tourism,Track 3,Cluster 23,47.0,69.0,31.0,52.0,87.0,64.0,66.0,92.0,36.0,67.0,61.0,46.0,44.0,18.0,61.0,91.0,56.0,89.0,89.0,24.0,76.0,Postgraduate
CAR01104,Welder Specialist 1104, Sports ,Track 4,Cluster 24,49.0,80.0,48.0,59.0,23.0,27.0,29.0,80.0,82.0,22.0,42.0,22.0,92.0,22.0,19.0,80.0,81.0,35.0,49.0,25.0,63.0,Higher Secondary
CAR01105,Technician Specialist 1105,Logistics & Supply Chain,Track 5,Cluster 25,60.0,15.0,68.0,49.0,95.0,33.0,67.0,53.0,49.0,95.0,25.0,52.0,64.0,71.0,44.0,75.0,63.0,34.0,59.0,79.0,43.0,Undergraduate
CAR01106,Research Scientist Specialist 1106,Skilled Trades,Track 6,Cluster 26,31.0,60.0,26.0,61.0,95.0,15.0,57.0,93.0,67.0,70.0,73.0,19.0,82.0,91.0,36.0,77.0,39.0,77.0,73.0,53.0,66.0,Secondary
CAR01107,Software Developer Specialist 1107,Research,Track 7,Cluster 27,30.0,28.0,34.0,32.0,19.0,29.0,21.0,62.0,93.0,84.0,53.0,90.0,83.0,62.0,22.0,15.0,64.0,45.0,80.0,89.0,74.0,Postgraduate
CAR01108,Data Scientist Specialist 1108,Technology,Track 8,Cluster 28,46.0,29.0,34.0,62.0,66.0,18.0,36.0,67.0,69.0,27.0,82.0,50.0,90.0,49.0,37.0,27.0,48.0,55.0,54.0,95.0,95.0,Diploma
CAR01109,AI Engineer Specialist 1109,Engineering,Track 9,Cluster 29,81.0,80.0,35.0,30.0,81.0,28.0,75.0,80.0,45.0,76.0,49.0,23.0,52.0,44.0,23.0,56.0,72.0,25.0,68.0,25.0,49.0,Undergraduate
CAR01110,Machine Learning Engineer Specialist 1110,Healthcare,Track 10,Cluster 30,75.0,53.0,85.0,68.0,23.0,32.0,41.0,46.0,54.0,27.0,54.0,22.0,76.0,31.0,81.0,33.0,90.0,33.0,47.0,28.0,40.0,Undergraduate
CAR01111,Cybersecurity Analyst Specialist 1111,Life Sciences,Track 1,Cluster 1,76.0,32.0,28.0,28.0,29.0,16.0,28.0,64.0,80.0,19.0,,88.0,89.0,32.0,53.0,71.0,39.0,,70.0,73.0,59.0,Undergraduate
CAR01112,Cloud Engineer Specialist 1112,Agriculture,Track 2,Cluster 2,31.0,56.0,21.0,,87.0,70.0,71.0,92.0,30.0,40.0,15.0,18.0,91.0,37.0,45.0,72.0,36.0,56.0,37.0,18.0,31.0,Diploma
CAR01113,Database Administrator Specialist 1113,Environment,Track 3,Cluster 3,27.0,75.0,18.0,92.0,74.0,36.0,30.0,80.0,78.0,37.0,67.0,61.0,74.0,20.0,47.0,66.0,80.0,61.0,72.0,24.0,82.0,Higher Secondary
CAR01114,Web Developer Specialist 1114,Architecture & Construction,Track 4,Cluster 4,20.0,90.0,26.0,83.0,85.0,67.0,32.0,36.0,41.0,42.0,68.0,50.0,60.0,51.0,55.0,16.0,43.0,16.0,83.0,41.0,79.0,Postgraduate
CAR01115,Mobile App Developer Specialist 1115,Manufacturing,Track 5,Cluster 5,68.0,38.0,83.0,29.0,26.0,95.0,63.0,78.0,60.0,23.0,51.0,,69.0,43.0,81.0,15.0,74.0,63.0,54.0,51.0,62.0,Secondary
CAR01116,Network Engineer Specialist 1116,Energy,Track 6,Cluster 6,38.0,61.0,35.0,17.0,71.0,49.0,70.0,21.0,92.0,52.0,61.0,84.0,86.0,74.0,26.0,49.0,78.0,91.0,71.0,46.0,73.0,Secondary
CAR01117,Data Analyst Specialist 1117,Transportation,Track 7,Cluster 7,,69.0,73.0,38.0,29.0,70.0,33.0,21.0,57.0,92.0,59.0,33.0,95.0,46.0,16.0,95.0,31.0,33.0,18.0,89.0,46.0,Undergraduate
CAR01118, Business Analyst Specialist 1118 ,Aviation,Track 8,Cluster 8,21.0,19.0,59.0,35.0,25.0,93.0,72.0,56.0,62.0,74.0,44.0,88.0,18.0,,35.0,56.0,90.0,15.0,34.0,83.0,56.0,Undergraduate
CAR01119,Civil Engineer Specialist 1119,Marine,Track 9,Cluster 9,71.0,56.0,68.0,80.0,27.0,79.0,28.0,66.0,47.0,27.0,37.0,60.0,23.0,,17.0,66.0,67.0,38.0,50.0,90.0,41.0,Professional Degree
CAR01120,Mechanical Engineer Specialist 1120,Business,Track 10,Cluster 10,87.0,21.0,57.0,42.0,55.0,73.0,49.0,28.0,41.0,21.0,64.0,62.0,,46.0,42.0,69.0,84.0,90.0,79.0,79.0,48.0,Secondary
CAR01121,Electrical Engineer Specialist 1121,Finance,Track 1,Cluster 11,30.0,60.0,94.0,19.0,39.0,62.0,79.0,45.0,59.0,34.0,36.0,79.0,48.0,86.0,86.0,27.0,87.0,94.0,58.0,76.0,46.0,Secondary
CAR01122,Electronics Engineer Specialist 1122,Law,Track 2,Cluster 12,71.0,77.0,56.0,54.0,54.0,45.0,83.0,74.0,50.0,16.0,85.0,58.0,46.0,43.0,35.0,95.0,66.0,19.0,29.0,38.0,42.0,Professional Degree
CAR01123,Chemical Engineer Specialist 1123,Education,Track 3,Cluster 13,47.0,45.0,22.0,94.0,77.0,77.0,55.0,72.0,91.0,54.0,18.0,45.0,41.0,70.0,61.0,23.0,83.0,41.0,87.0,31.0,65.0,Secondary
CAR01124,Biomedical Engineer Specialist 1124,Psychology & Social Services,Track 4,Cluster 14,90.0,59.0,28.0,68.0,40.0,31.0,77.0,34.0,79.0,48.0,52.0,54.0,75.0,21.0,55.0,85.0,55.0,92.0,30.0,78.0,60.0,Secondary
CAR01125,Environmental Engineer Specialist 1125,Government & Public Service,Track 5,Cluster 15,24.0,56.0,42.0,19.0,28.0,36.0,67.0,79.0,94.0,39.0,79.0,84.0,89.0,73.0,38.0,24.0,30.0,39.0,64.0,55.0,67.0,Diploma
CAR01126,Architect Specialist 1126,Defence & Security,Track 6,Cluster 16,70.0,36.0,41.0,74.0,,54.0,70.0,81.0,79.0,57.0,67.0,57.0,32.0,33.0,41.0,81.0,24.0,93.0,72.0,51.0,30.0,Professional Degree
CAR01127,Urban Planner Specialist 1127,Media & Communication,Track 7,Cluster 17,82.0,61.0,37.0,51.0,69.0,53.0,37.0,22.0,90.0,48.0,92.0,92.0,93.0,17.0,81.0,94.0,88.0,79.0,25.0,35.0,90.0,Postgraduate
CAR01128,Doctor Specialist 1128,Arts & Design,Track 8,Cluster 18,76.0,60.0,30.0,78.0,67.0,30.0,58.0,25.0,,16.0,94.0,70.0,80.0,70.0,46.0,32.0,95.0,68.0,42.0,32.0,90.0,Secondary
CAR01129,Nurse Specialist 1129,Fashion,Track 9,Cluster 19,44.0,88.0,16.0,37.0,83.0,89.0,32.0,71.0,52.0,90.0,82.0,88.0,91.0,16.0,87.0,28.0,66.0,74.0,16.0,52.0,17.0,Higher Secondary
CAR01130,Physiotherapist Specialist 1130,Hospitality & Tourism,Track 10,Cluster 20,53.0,73.0,82.0,81.0,74.0,84.0,80.0,91.0,95.0,66.0,76.0,87.0,91.0,34.0,56.0,77.0,53.0,33.0,25.0,38.0,21.0,Diploma
CAR01131,Pharmacist Specialist 1131,Sports,Track 1,Cluster 21,23.0,42.0,16.0,46.0,26.0,71.0,27.0,76.0,15.0,63.0,86.0,23.0,60.0,26.0,53.0,90.0,66.0,49.0,92.0,90.0,91.0,Professional Degree
CAR01132,Dentist Specialist 1132,Logistics & Supply Chain,Track 2,Cluster 22,80.0,78.0,80.0,80.0,92.0,64.0,29.0,74.0,86.0,46.0,29.0,93.0,34.0,36.0,88.0,86.0,67.0,41.0,47.0,92.0,82.0,Secondary
CAR01133,Medical Laboratory Scientist Specialist 1133,Skilled Trades,Track 3,Cluster 23,68.0,91.0,29.0,35.0,18.0,48.0,18.0,91.0,15.0,21.0,30.0,77.0,94.0,45.0,30.0,60.0,30.0,86.0,90.0,88.0,93.0,Postgraduate
CAR01134,Microbiologist Specialist 1134,Research,Track 4,Cluster 24,77.0,51.0,77.0,73.0,31.0,39.0,46.0,91.0,30.0,60.0,56.0,39.0,62.0,76.0,80.0,92.0,33.0,44.0,90.0,20.0,15.0,Diploma
CAR01135,Biotechnologist Specialist 1135,Technology,Track 5,Cluster 25,22.0,85.0,49.0,79.0,31.0,91.0,91.0,69.0,79.0,31.0,22.0,41.0,25.0,18.0,16.0,26.0,95.0,35.0,51.0,48.0,70.0,Undergraduate
CAR01136,Geneticist Specialist 1136,Engineering,Track 6,Cluster 26,31.0,82.0,43.0,46.0,31.0,56.0,75.0,58.0,34.0,59.0,33.0,78.0,71.0,83.0,61.0,26.0,19.0,76.0,36.0,86.0,16.0,Professional Degree
CAR01137,Agricultural Scientist Specialist 1137,Healthcare,Track 7,Cluster 27,95.0,31.0,71.0,63.0,24.0,80.0,71.0,23.0,33.0,67.0,94.0,52.0,28.0,93.0,89.0,60.0,51.0,44.0,54.0,94.0,95.0,Secondary
CAR01138,Agronomist Specialist 1138,Life Sciences,Track 8,Cluster 28,24.0,36.0,75.0,83.0,37.0,28.0,79.0,43.0,22.0,41.0,42.0,36.0,33.0,40.0,80.0,88.0,39.0,51.0,81.0,71.0,42.0,Diploma
CAR01139,Forestry Specialist Specialist 1139,Agriculture,Track 9,Cluster 29,59.0,52.0,86.0,65.0,64.0,29.0,91.0,62.0,25.0,53.0,64.0,52.0,60.0,64.0,44.0,55.0,16.0,70.0,87.0,19.0,59.0,Secondary
CAR01140,Environmental Scientist Specialist 1140,Environment,Track 10,Cluster 30,74.0,71.0,76.0,61.0,75.0,45.0,37.0,75.0,53.0,64.0,75.0,91.0,79.0,48.0,33.0,70.0,76.0,56.0,57.0,71.0,85.0,Secondary
CAR01141,Renewable Energy Engineer Specialist 1141,Architecture & Construction,Track 1,Cluster 1,78.0,71.0,48.0,57.0,92.0,27.0,62.0,34.0,70.0,22.0,45.0,52.0,65.0,77.0,64.0,36.0,52.0,31.0,43.0,55.0,76.0,Postgraduate
CAR01142,Energy Analyst Specialist 1142,Manufacturing,Track 2,Cluster 2,60.0,30.0,93.0,86.0,69.0,23.0,88.0,37.0,52.0,31.0,60.0,79.0,63.0,16.0,17.0,25.0,58.0,88.0,29.0,74.0,62.0,Diploma
CAR01143,Automotive Engineer Specialist 1143,Energy,Track 3,Cluster 3,93.0,92.0,22.0,90.0,44.0,39.0,75.0,48.0,,92.0,68.0,89.0,48.0,56.0,37.0,26.0,74.0,70.0,74.0,36.0,78.0,Diploma
CAR01144,Aviation Engineer Specialist 1144,Transportation,Track 4,Cluster 4,23.0,22.0,22.0,77.0,15.0,23.0,26.0,44.0,39.0,28.0,59.0,16.0,39.0,46.0,65.0,88.0,65.0,46.0,91.0,93.0,27.0,Secondary
CAR01145,Pilot Specialist 1145,Aviation,Track 5,Cluster 5,19.0,93.0,82.0,75.0,90.0,86.0,91.0,82.0,46.0,57.0,64.0,16.0,58.0,78.0,70.0,79.0,75.0,74.0,95.0,70.0,95.0,Undergraduate
CAR01146,Marine Engineer Specialist 1146,Marine,Track 6,Cluster 6,25.0,21.0,32.0,42.0,36.0,80.0,90.0,46.0,87.0,84.0,77.0,34.0,83.0,48.0,20.0,59.0,37.0,92.0,44.0,42.0,50.0,Postgraduate
CAR01147,Oceanographer Specialist 1147,Business,Track 7,Cluster 7,70.0,94.0,38.0,19.0,90.0,94.0,90.0,70.0,30.0,31.0,52.0,17.0,83.0,84.0,19.0,63.0,49.0,68.0,61.0,90.0,30.0,Higher Secondary
CAR01148,Accountant Specialist 1148,Finance,Track 8,Cluster 8,38.0,70.0,83.0,47.0,64.0,95.0,56.0,19.0,57.0,68.0,32.0,,24.0,54.0,57.0,83.0,95.0,23.0,41.0,52.0,,Diploma
CAR01149,Financial Analyst Specialist 1149,Law,Track 9,Cluster 9,61.0,35.0,57.0,86.0,63.0,57.0,95.0,78.0,86.0,46.0,54.0,79.0,65.0,65.0,41.0,74.0,15.0,63.0,39.0,57.0,30.0,Diploma
CAR01150,Auditor Specialist 1150,Education,Track 10,Cluster 10,82.0,29.0,53.0,44.0,82.0,38.0,39.0,27.0,26.0,66.0,25.0,38.0,74.0,48.0,94.0,88.0,84.0,56.0,65.0,24.0,31.0,Secondary
CAR01151,Investment Analyst Specialist 1151,Psychology & Social Services,Track 1,Cluster 11,15.0,62.0,16.0,48.0,48.0,16.0,81.0,81.0,87.0,49.0,68.0,17.0,34.0,59.0,,28.0,45.0,90.0,22.0,64.0,26.0,Undergraduate
CAR01152,Economist Specialist 1152,Government & Public Service,Track 2,Cluster 12,78.0,68.0,80.0,53.0,28.0,93.0,21.0,30.0,78.0,79.0,52.0,33.0,22.0,83.0,51.0,67.0,45.0,19.0,87.0,78.0,51.0,Postgraduate
CAR01153,Entrepreneur Specialist 1153,Defence & Security ,Track 3,Cluster 13,,73.0,34.0,81.0,63.0,24.0,82.0,19.0,86.0,39.0,22.0,40.0,26.0,48.0,36.0,44.0,74.0,48.0,50.0,35.0,28.0,Undergraduate
CAR01154,Marketing Specialist Specialist 1154,Media & Communication,Track 4,Cluster 14,16.0,15.0,28.0,36.0,23.0,64.0,66.0,89.0,60.0,95.0,79.0,83.0,61.0,54.0,68.0,36.0,17.0,32.0,68.0,81.0,43.0,Higher Secondary
CAR01155,Human Resources Specialist Specialist 1155,Arts & Design,Track 5,Cluster 15,83.0,43.0,15.0,50.0,81.0,71.0,86.0,82.0,33.0,49.0,70.0,80.0,71.0,57.0,81.0,43.0,88.0,26.0,56.0,54.0,48.0,Secondary
CAR01156,Lawyer Specialist 1156,Fashion,Track 6,Cluster 16,56.0,48.0,59.0,78.0,73.0,27.0,69.0,29.0,58.0,41.0,39.0,80.0,,62.0,47.0,64.0,75.0,56.0,43.0,42.0,28.0,Secondary
CAR01157,Legal Advisor Specialist 1157,Hospitality & Tourism,Track 7,Cluster 17,36.0,55.0,52.0,21.0,82.0,90.0,35.0,43.0,61.0,54.0,50.0,,35.0,95.0,21.0,82.0,57.0,45.0,79.0,87.0,93.0,Professional Degree
CAR01158,Teacher Specialist 1158,Sports,Track 8,Cluster 18,18.0,69.0,55.0,32.0,41.0,22.0,55.0,73.0,49.0,48.0,59.0,31.0,63.0,45.0,65.0,68.0,38.0,17.0,17.0,73.0,48.0,Undergraduate
CAR01159,Education Consultant Specialist 1159,Logistics & Supply Chain,Track 9,Cluster 19,54.0,76.0,68.0,83.0,67.0,94.0,24.0,49.0,51.0,16.0,33.0,73.0,79.0,85.0,23.0,31.0,90.0,92.0,22.0,38.0,91.0,Postgraduate
CAR01160,Psychologist Specialist 1160,Skilled Trades,Track 10,Cluster 20,76.0,17.0,62.0,79.0,41.0,91.0,41.0,89.0,46.0,20.0,57.0,27.0,86.0,49.0,30.0,16.0,24.0,43.0,15.0,95.0,72.0,Higher Secondary
CAR01161,Counsellor Specialist 1161, Research ,Track 1,Cluster 21,,30.0,77.0,16.0,94.0,78.0,,76.0,39.0,16.0,53.0,79.0,45.0,39.0,32.0,55.0,47.0,64.0,87.0,47.0,37.0,Higher Secondary
CAR01162,Social Worker Specialist 1162,Technology,Track 2,Cluster 22,58.0,17.0,75.0,41.0,24.0,43.0,23.0,24.0,71.0,30.0,25.0,32.0,76.0,66.0,89.0,67.0,47.0,94.0,,85.0,52.0,Professional Degree
CAR01163,Civil Services Officer Specialist 1163,Engineering,Track 3,Cluster 23,79.0,59.0,48.0,28.0,52.0,86.0,61.0,26.0,58.0,71.0,19.0,60.0,88.0,44.0,53.0,85.0,37.0,87.0,81.0,78.0,45.0,Postgraduate
CAR01164,Policy Analyst Specialist 1164,Healthcare,Track 4,Cluster 24,15.0,34.0,34.0,71.0,39.0,84.0,20.0,,78.0,84.0,64.0,77.0,87.0,41.0,17.0,24.0,72.0,27.0,16.0,31.0,46.0,Undergraduate
CAR01165, Defence Officer Specialist 1165 ,Life Sciences,Track 5,Cluster 25,61.0,39.0,75.0,60.0,38.0,63.0,58.0,64.0,47.0,59.0,68.0,20.0,90.0,66.0,56.0,72.0,66.0,29.0,37.0,85.0,82.0,Higher Secondary
CAR01166,Journalist Specialist 1166,Agriculture,Track 6,Cluster 26,89.0,,,91.0,82.0,91.0,36.0,45.0,50.0,50.0,36.0,19.0,76.0,53.0,81.0,44.0,42.0,92.0,60.0,73.0,91.0,Secondary
CAR01167,Public Relations Specialist Specialist 1167,Environment,Track 7,Cluster 27,78.0,54.0,25.0,21.0,31.0,55.0,77.0,27.0,81.0,32.0,76.0,39.0,82.0,51.0,84.0,24.0,42.0,48.0,55.0,51.0,50.0,Postgraduate
CAR01168,Content Creator Specialist 1168,Architecture & Construction,Track 8,Cluster 28,89.0,91.0,20.0,93.0,29.0,62.0,90.0,56.0,84.0,48.0,67.0,69.0,67.0,62.0,57.0,76.0,38.0,70.0,20.0,31.0,45.0,Secondary
CAR01169,Graphic Designer Specialist 1169,Manufacturing,Track 9,Cluster 29,93.0,34.0,48.0,20.0,36.0,86.0,57.0,88.0,59.0,92.0,22.0,81.0,26.0,15.0,66.0,51.0,94.0,54.0,53.0,73.0,27.0,Diploma
CAR01170,UI UX Designer Specialist 1170,Energy,Track 10,Cluster 30,36.0,15.0,41.0,69.0,61.0,70.0,93.0,75.0,84.0,,39.0,25.0,34.0,29.0,77.0,78.0,69.0,78.0,42.0,35.0,77.0,Postgraduate
CAR01171,Product Designer Specialist 1171,Transportation,Track 1,Cluster 1,35.0,79.0,48.0,31.0,90.0,94.0,26.0,51.0,89.0,43.0,56.0,79.0,70.0,46.0,39.0,73.0,30.0,80.0,33.0,23.0,63.0,Higher Secondary
CAR01172,Fashion Designer Specialist 1172,Aviation,Track 2,Cluster 2,47.0,25.0,59.0,35.0,18.0,80.0,61.0,45.0,95.0,87.0,86.0,54.0,45.0,77.0,42.0,24.0,59.0,54.0,67.0,84.0,83.0,Diploma
CAR01173,Illustrator Specialist 1173,Marine,Track 3,Cluster 3,25.0,30.0,15.0,71.0,22.0,32.0,91.0,86.0,41.0,49.0,21.0,59.0,67.0,53.0,41.0,80.0,56.0,81.0,55.0,32.0,41.0,Undergraduate
CAR01174,Animator Specialist 1174,Business,Track 4,Cluster 4,18.0,20.0,,57.0,38.0,47.0,84.0,95.0,55.0,75.0,16.0,18.0,57.0,63.0,92.0,23.0,23.0,36.0,30.0,40.0,75.0,Secondary
CAR01175,Chef Specialist 1175,Finance,Track 5,Cluster 5,65.0,64.0,82.0,86.0,80.0,40.0,35.0,95.0,75.0,35.0,15.0,26.0,40.0,84.0,30.0,48.0,28.0,51.0,26.0,45.0,31.0,Higher Secondary
CAR01176,Hotel Manager Specialist 1176,Law,Track 6,Cluster 6,90.0,44.0,18.0,15.0,93.0,74.0,83.0,48.0,47.0,57.0,39.0,48.0,72.0,35.0,45.0,24.0,76.0,25.0,81.0,79.0,17.0,Higher Secondary
CAR01177,Travel Consultant Specialist 1177,Education,Track 7,Cluster 7,76.0,25.0,80.0,44.0,53.0,95.0,17.0,62.0,42.0,25.0,45.0,65.0,55.0,39.0,93.0,24.0,52.0,63.0,30.0,70.0,18.0,Diploma
CAR01178,Sports Coach Specialist 1178,Psychology & Social Services,Track 8, Cluster 8 ,90.0,73.0,79.0,63.0,63.0,94.0,84.0,50.0,43.0,36.0,61.0,73.0,62.0,61.0,93.0,55.0,38.0,81.0,27.0,71.0,52.0,Diploma
CAR01179,Sports Scientist Specialist 1179,Government & Public Service,Track 9,Cluster 9,27.0,82.0,54.0,26.0,16.0,66.0,44.0,64.0,46.0,81.0,80.0,25.0,69.0,36.0,62.0,76.0,90.0,46.0,38.0,55.0,28.0,Postgraduate
CAR01180,Supply Chain Analyst Specialist 1180,Defence & Security,Track 10,Cluster 10,59.0,80.0,60.0,70.0,58.0,75.0,89.0,21.0,71.0,35.0,89.0,22.0,71.0,61.0,55.0,58.0,44.0,67.0,66.0,69.0,35.0,Diploma
CAR01181,Logistics Manager Specialist 1181,Media & Communication,Track 1,Cluster 11,53.0,38.0,80.0,61.0,34.0,52.0,48.0,68.0,73.0,93.0,61.0,23.0,60.0,21.0,17.0,53.0,87.0,32.0,72.0,52.0,94.0,Diploma
CAR01182,Electrician Specialist 1182,Arts & Design,Track 2,Cluster 12,49.0,33.0,48.0,41.0,39.0,56.0,45.0,17.0,79.0,43.0,36.0,62.0,82.0,51.0,44.0,33.0,69.0,28.0,62.0,83.0,40.0,Professional Degree
CAR01183,Welder Specialist 1183,Fashion,Track 3,Cluster 13,48.0,45.0,44.0,39.0,42.0,43.0,48.0,62.0,65.0,28.0,44.0,71.0,47.0,22.0,75.0,68.0,50.0,20.0,20.0,85.0,95.0,Diploma
CAR01184,Technician Specialist 1184,Hospitality & Tourism ,Track 4,Cluster 14,91.0,39.0,45.0,44.0,81.0,33.0,28.0,83.0,34.0,51.0,46.0,58.0,48.0,69.0,81.0,37.0,31.0,83.0,65.0,56.0,61.0,Higher Secondary
CAR01185,Research Scientist Specialist 1185,Sports,Track 5,Cluster 15,16.0,22.0,20.0,27.0,73.0,19.0,70.0,25.0,66.0,37.0,31.0,58.0,27.0,44.0,84.0,26.0,73.0,41.0,38.0,29.0,42.0,Professional Degree
CAR01186,Software Developer Specialist 1186,Logistics & Supply Chain,Track 6,Cluster 16,37.0,23.0,15.0,86.0,44.0,64.0,42.0,91.0,46.0,68.0,18.0,86.0,73.0,18.0,32.0,68.0,18.0,88.0,17.0,24.0,63.0,Higher Secondary
CAR01187,Data Scientist Specialist 1187,Skilled Trades,Track 7,Cluster 17,23.0,72.0,91.0,31.0,24.0,24.0,82.0,95.0,93.0,43.0,75.0,22.0,38.0,92.0,50.0,42.0,52.0,82.0,31.0,33.0,38.0,Higher Secondary
CAR01188,AI Engineer Specialist 1188,Research,Track 8,Cluster 18,32.0,91.0,65.0,73.0,57.0,45.0,81.0,39.0,20.0,53.0,50.0,76.0,51.0,26.0,41.0,53.0,57.0,86.0,81.0,70.0,48.0,Professional Degree
CAR01189,Machine Learning Engineer Specialist 1189,Technology,Track 9,Cluster 19,82.0,50.0,27.0,45.0,79.0,58.0,16.0,22.0,23.0,52.0,46.0,53.0,26.0,53.0,,35.0,63.0,89.0,26.0,94.0,78.0,Higher Secondary
CAR01190,Cybersecurity Analyst Specialist 1190,Engineering,Track 10,Cluster 20,20.0,30.0,28.0,,37.0,83.0,66.0,44.0,20.0,31.0,93.0,72.0,61.0,56.0,38.0,51.0,61.0,48.0,94.0,90.0,78.0,Undergraduate
CAR01191,Cloud Engineer Specialist 1191,Healthcare,Track 1,Cluster 21,59.0,67.0,65.0,69.0,82.0,19.0,26.0,51.0,82.0,15.0,70.0,45.0,84.0,58.0,46.0,64.0,18.0,65.0,60.0,55.0,22.0,Professional Degree
CAR01192,Database Administrator Specialist 1192,Life Sciences,Track 2,Cluster 22,42.0,48.0,32.0,81.0,30.0,79.0,75.0,,54.0,63.0,38.0,66.0,66.0,16.0,83.0,31.0,75.0,44.0,63.0,64.0,95.0,Professional Degree
CAR01193,Web Developer Specialist 1193,Agriculture,Track 3,Cluster 23,38.0,39.0,,41.0,39.0,32.0,67.0,45.0,43.0,48.0,78.0,92.0,44.0,24.0,50.0,43.0,53.0,23.0,94.0,61.0,45.0,Postgraduate
CAR01194,Mobile App Developer Specialist 1194,Environment,Track 4,Cluster 24,42.0,27.0,67.0,24.0,87.0,37.0,56.0,19.0,65.0,27.0,31.0,41.0,77.0,84.0,42.0,27.0,47.0,52.0,64.0,47.0,25.0,Postgraduate
CAR01195,Network Engineer Specialist 1195,Architecture & Construction,Track 5,Cluster 25,85.0,68.0,15.0,22.0,20.0,34.0,29.0,43.0,15.0,87.0,33.0,53.0,40.0,26.0,45.0,29.0,46.0,18.0,49.0,85.0,86.0,Postgraduate
CAR01196,Data Analyst Specialist 1196,Manufacturing,Track 6,Cluster 26,19.0,38.0,21.0,19.0,42.0,59.0,17.0,41.0,63.0,47.0,73.0,51.0,59.0,42.0,69.0,91.0,49.0,71.0,63.0,42.0,49.0,Postgraduate
CAR01197,Business Analyst Specialist 1197,Energy,Track 7,Cluster 27,46.0,72.0,71.0,74.0,89.0,26.0,86.0,54.0,31.0,95.0,45.0,70.0,75.0,63.0,17.0,30.0,73.0,51.0,52.0,70.0,54.0,Postgraduate
CAR01198,Civil Engineer Specialist 1198,Transportation,Track 8, Cluster 28 ,17.0,94.0,55.0,50.0,59.0,39.0,82.0,20.0,41.0,,44.0,40.0,26.0,59.0,81.0,93.0,93.0,89.0,67.0,38.0,27.0,Higher Secondary
CAR01199,Mechanical Engineer Specialist 1199,Aviation,Track 9,Cluster 29,35.0,78.0,88.0,90.0,92.0,75.0,71.0,51.0,54.0,75.0,85.0,53.0,89.0,94.0,22.0,19.0,82.0,56.0,32.0,,61.0,Undergraduate
CAR01200,Electrical Engineer Specialist 1200,Marine,Track 10,Cluster 30,95.0,45.0,15.0,86.0,62.0,95.0,49.0,38.0,79.0,56.0,39.0,63.0,91.0,64.0,48.0,79.0,46.0,22.0,76.0,89.0,26.0,Diploma
CAR01179,Sports Scientist Specialist 1179,Government & Public Service,Track 9,Cluster 9,27.0,82.0,54.0,26.0,16.0,66.0,44.0,64.0,46.0,81.0,80.0,25.0,69.0,36.0,62.0,76.0,90.0,46.0,38.0,55.0,28.0,Postgraduate
CAR00866,Electrician Specialist 866,Engineering,Track 6,Cluster 26,37.0,,57.0,37.0,83.0,36.0,53.0,22.0,49.0,21.0,25.0,19.0,42.0,37.0,48.0,74.0,30.0,89.0,29.0,66.0,44.0,Secondary
CAR00102,Nurse Specialist 102,Arts & Design,Track 2,Cluster 12,62.0,60.0,32.0,93.0,74.0,20.0,57.0,36.0,80.0,31.0,64.0,25.0,51.0,78.0,71.0,61.0,50.0,28.0,44.0,95.0,86.0,Professional Degree
CAR00440,Investment Analyst Specialist 440,Manufacturing,Track 10,Cluster 20,68.0,24.0,18.0,20.0,79.0,86.0,78.0,72.0,36.0,74.0,23.0,22.0,34.0,35.0,88.0,85.0,53.0,32.0,54.0,28.0,69.0,Undergraduate
CAR00059,Defence Officer,Agriculture,Track 9,Cluster 29,43.0,41.0,50.0,89.0,30.0,32.0,93.0,95.0,26.0,30.0,66.0,27.0,41.0,22.0,16.0,76.0,82.0,50.0,65.0,86.0,32.0,Undergraduate
CAR01121,Electrical Engineer Specialist 1121,Finance,Track 1,Cluster 11,30.0,60.0,94.0,19.0,39.0,62.0,79.0,45.0,59.0,34.0,36.0,79.0,48.0,86.0,86.0,27.0,87.0,94.0,58.0,76.0,46.0,Secondary
